GameDate,Name,UID,NationID,Born,Age,IntCaps,IntGoals,U21Caps,U21Goals,WorldReputation,HomeReputation,CurrentReputation,PA,CA,Price,Height,Weight,PositionsString,GK.AerialAbility,GK.CommandOfArea,GK.Communication,GK.Eccentricity,GK.Handling,GK.Kicking,GK.OneOnOnes,GK.Reflexes,GK.RushingOut,GK.TendencyToPunch,GK.Throwing,Tech.Corners,Tech.Crossing,Tech.Dribbling,Tech.Finishing,Tech.FirstTouch,Tech.Freekicks,Tech.Heading,Tech.LongShots,Tech.Longthrows,Tech.Marking,Tech.Passing,Tech.PenaltyTaking,Tech.Tackling,Tech.Technique,Mental.Aggression,Mental.Anticipation,Mental.Bravery,Mental.Composure,Mental.Concentration,Mental.Vision,Mental.Decisions,Mental.Determination,Mental.Flair,Mental.Leadership,Mental.OffTheBall,Mental.Positioning,Mental.Teamwork,Mental.Workrate,Phy.Acceleration,Phy.Agility,Phy.Balance,Phy.Jumping,Phy.LeftFoot,Phy.NaturalFitness,Phy.Pace,Phy.RightFoot,Phy.Stamina,Phy.Strength,Hidden.Consistency,Hidden.Dirtiness,Hidden.ImportantMatches,Hidden.InjuryProness,Hidden.Versatility,Personality.Adaptability,Personality.Ambition,Personality.Loyalty,Personality.Pressure,Personality.Professional,Personality.Sportsmanship,Personality.Temperament,Personality.Controversy,Positions.Defender,Positions.WingBack,Positions.Midfielder,Positions.AttackingMidfielder,Positions.Right,Positions.Left,Positions.Centre,Positions.PositionsDesc,Positions.PositionsDescVal,Positions.Goalkeeper,Positions.Sweeper,Positions.Striker,Positions.AttackingMidCentral,Positions.AttackingMidLeft,Positions.AttackingMidRight,Positions.DefenderCentral,Positions.DefenderLeft,Positions.DefenderRight,Positions.DefensiveMidfielder,Positions.MidfielderCentral,Positions.MidfielderLeft,Positions.MidfielderRight,Positions.WingBackLeft,Positions.WingBackRight,PPMVal,PPM0,PPM1,PPM2,PPM3,PPM4,PPM5,PPM6,PPM7,PPM8,PPM9,PPM10,PPM11,PPM12,PPM13,PPM14,PPM15,PPM16,PPM17,PPM18,PPM19,PPM20,PPM21,PPM22,PPM23,PPM24,PPM25,PPM26,PPM27,PPM28,PPM29,PPM30,PPM31,PPM32,PPM33,PPM34,PPM35,PPM36,PPM37,PPM38,PPM39,PPM40,PPM41,PPM42,PPM43,PPM44,PPM45,PPM46,PPM47,name,Market Value,age,height,position,foot,current club,10/11 games,10/11 goals/conceded,10/11 assists/clean,10/11 minutes,11/12 games,11/12 goals/conceded,11/12 assists/clean,11/12 minutes,12/13 games,12/13 goals/conceded,12/13 assists/clean,12/13 minutes,13/14 games,13/14 goals/conceded,13/14 assists/clean,13/14 minutes,14/15 games,14/15 goals/conceded,14/15 assists/clean,14/15 minutes,15/16 games,15/16 goals/conceded,15/16 assists/clean,15/16 minutes,16/17 games,16/17 goals/conceded,16/17 assists/clean,16/17 minutes,17/18 games,17/18 goals/conceded,17/18 assists/clean,17/18 minutes,18/19 games,18/19 goals/conceded,18/19 assists/clean,18/19 minutes,current league,19/20 games,19/20 goals/conceded,19/20 assists/clean,19/20 minutes,20/21 games,20/21 goals/conceded,20/21 assists/clean,20/21 minutes
19/6/2011,Tomas Svedkauskas,47019930,779,6/22/1994,16,0,0,0,0,508,2193,1524,115,48,12582,189,80,GK ,6,5,11,8,9,12,11,12,10,9,8,2,2,2,1,1,5,1,1,1,3,1,1,1,2,4,2,10,8,8,1,8,6,1,6,3,7,1,1,11,11,8,8,8,14,11,20,2,2,7,10,10,7,7,10,11,13,5,11,1,15,8,1,1,1,1,1,1,1,GK ,0,20,1,1,1,1,1,1,1,1,1,1,1,1,1,1,0,0,0,0,0,0,0,0,0,0,0,0,0,0,0,0,0,0,0,0,0,0,0,0,0,0,0,0,0,0,0,0,0,0,0,0,0,0,0,0,0,0,0,0,0,0,0,0,0,,,,,,,,,,,,,,,,,,,,,,,,,,,,,,,,,,,,,,,,,,,,,,,,,,,,
19/6/2011,Pedro Guedes,55041580,788,1/3/1995,16,0,0,0,0,592,2924,2534,128,65,66375,184,72,GK ,7,7,12,3,13,10,13,11,6,6,9,2,3,2,2,3,4,1,1,3,1,2,2,3,3,7,8,6,10,7,1,5,6,1,12,3,12,2,2,14,9,8,8,8,8,14,20,6,5,10,3,10,10,10,8,15,9,12,14,14,14,12,1,1,1,1,1,1,1,GK ,0,20,1,1,1,1,1,1,1,1,1,1,1,1,1,1,0,0,0,0,0,0,0,0,0,0,0,0,0,0,0,0,0,0,0,0,0,0,0,0,0,0,0,0,0,0,0,0,0,0,0,0,0,0,0,0,0,0,0,0,0,0,0,0,0,Pedro Mendes,£180Th. ,30,186,Defender - Centre-Back,right,Montpellier HSC,16,0,0,1300,24,0,0,1525,34,1,2,2919,16,0,1,1164,24,0,0,1728,24,0,0,2017,20,0,0,1757,39,1,1,3290,32,1,1,2743,LaLiga,18,1,0,1534,6,0,0,535
19/6/2011,Fabio Rigamonti,43091167,776,1/1/1995,16,0,0,0,0,450,2300,2200,63,44,1277,188,83,GK ,10,8,12,11,11,9,8,8,6,10,4,1,1,3,1,1,3,1,3,1,2,1,1,2,2,12,7,11,5,7,1,5,8,2,5,1,11,1,3,8,11,11,11,7,12,4,20,2,4,10,3,10,4,5,9,14,7,11,10,12,9,3,1,1,1,1,1,1,1,GK ,0,20,1,1,1,1,1,1,1,1,1,1,1,1,1,1,0,0,0,0,0,0,0,0,0,0,0,0,0,0,0,0,0,0,0,0,0,0,0,0,0,0,0,0,0,0,0,0,0,0,0,0,0,0,0,0,0,0,0,0,0,0,0,0,0,,,,,,,,,,,,,,,,,,,,,,,,,,,,,,,,,,,,,,,,,,,,,,,,,,,,
19/6/2011,Ahmed Ghazi,43093059,16,1/8/1995,16,0,0,0,0,50,1950,1650,58,33,479,185,80,GK ,10,3,6,7,11,11,9,11,15,8,9,3,3,2,2,1,7,1,1,1,3,1,1,3,1,3,4,10,12,4,1,6,6,2,1,1,2,1,1,7,10,8,10,6,15,4,20,3,2,4,17,10,6,5,2,6,12,10,12,5,8,5,1,1,1,1,1,1,1,GK ,0,20,1,1,1,1,1,1,1,1,1,1,1,1,1,1,0,0,0,0,0,0,0,0,0,0,0,0,0,0,0,0,0,0,0,0,0,0,0,0,0,0,0,0,0,0,0,0,0,0,0,0,0,0,0,0,0,0,0,0,0,0,0,0,0,,,,,,,,,,,,,,,,,,,,,,,,,,,,,,,,,,,,,,,,,,,,,,,,,,,,
19/6/2011,Przemyslaw Frackowiak,96026799,787,1/7/1994,17,0,0,0,0,1000,3824,2500,122,85,110317,188,83,GK ,9,11,10,6,9,8,11,13,10,8,9,2,3,1,2,3,7,1,3,1,1,3,2,2,2,13,10,10,5,12,2,11,14,3,1,3,9,3,9,10,11,14,14,10,15,11,20,9,10,11,9,6,5,8,8,14,15,11,13,9,6,6,1,1,1,1,1,1,1,GK ,0,20,1,1,1,1,1,1,1,1,1,1,1,1,1,1,0,0,0,0,0,0,0,0,0,0,0,0,0,0,0,0,0,0,0,0,0,0,0,0,0,0,0,0,0,0,0,0,0,0,0,0,0,0,0,0,0,0,0,0,0,0,0,0,0,Przemyslaw Frackowiak,£68Th. ,26,188,Goalkeeper,right,Polonia Sroda Wielkopolska,nan,nan,nan,nan,9,9,4,810,0,0,0,0,15,33,1,1305,nan,nan,nan,nan,0,0,0,0,5,10,1,480,4,5,2,360,10,19,3,900,Serie A,18,29,5,1620,3,0,3,270
19/6/2011,Loris Karius,28047501,771,6/22/1993,17,0,0,0,0,1543,3341,3311,127,73,119824,187,75,GK ,10,11,8,4,11,10,10,10,14,15,11,3,1,3,3,7,7,6,3,2,1,6,1,3,7,12,9,8,13,10,5,11,10,3,6,3,8,10,7,9,7,8,12,5,11,8,20,12,8,10,12,10,14,10,4,12,8,8,15,17,7,14,1,1,1,1,1,1,1,GK ,0,20,1,1,1,1,1,1,1,1,1,1,1,1,1,1,0,0,0,0,0,0,0,0,0,0,0,0,0,0,0,0,0,0,0,0,0,0,0,0,0,0,0,0,0,0,0,0,0,0,0,0,0,0,0,0,0,0,0,0,0,0,0,0,0,Loris Karius,£180Th. ,27,189,Goalkeeper,right,1.FC Union Berlin,3,6,1,270,18,24,5,1568,7,13,1,578,26,36,10,2340,36,49,12,3212,36,44,10,3240,16,16,6,1440,33,31,16,2970,35,49,6,3150,Bundesliga,32,46,8,2880,0,0,0,0
19/6/2011,Enrico Tonozzi,43072030,776,10/1/1993,17,0,0,0,0,50,3149,3000,86,70,23219,187,85,GK ,7,8,13,13,12,12,11,12,9,14,10,5,1,1,3,3,8,1,1,1,3,1,3,2,4,5,5,10,5,9,1,5,8,3,11,2,13,2,2,9,11,13,11,7,10,7,20,2,5,10,8,9,9,10,5,5,8,11,8,11,5,19,1,1,1,1,1,1,1,GK ,0,20,1,1,1,1,1,1,1,1,1,1,1,1,1,1,0,0,0,0,0,0,0,0,0,0,0,0,0,0,0,0,0,0,0,0,0,0,0,0,0,0,0,0,0,0,0,0,0,0,0,0,0,0,0,0,0,0,0,0,0,0,0,0,0,Enrico Tonozzi,£90Th. ,27,194,Goalkeeper,right,Retired,nan,nan,nan,nan,18,28,4,1620,18,28,3,1620,4,6,2,390,1,2,0,90,nan,nan,nan,nan,nan,nan,nan,nan,nan,nan,nan,nan,nan,nan,nan,nan,Serie A,nan,nan,nan,nan,nan,nan,nan,nan
19/6/2011,Dejan Stojanovic,16047341,781,7/19/1993,17,0,0,3,0,459,4518,4518,137,95,2523562,196,89,GK ,14,8,8,6,11,9,12,13,10,15,10,6,2,1,3,4,10,2,1,1,1,3,2,2,2,12,10,14,10,11,2,13,10,3,3,3,11,1,7,12,11,10,16,20,12,12,5,12,12,7,3,3,15,10,16,16,11,12,11,2,12,16,1,1,1,1,1,1,1,GK ,0,20,1,1,1,1,1,1,1,1,1,1,1,1,1,1,0,0,0,0,0,0,0,0,0,0,0,0,0,0,0,0,0,0,0,0,0,0,0,0,0,0,0,0,0,0,0,0,0,0,0,0,0,0,0,0,0,0,0,0,0,0,0,0,0,Dejan Stojanovic,£270Th. ,27,196,Goalkeeper,left,Middlesbrough FC,25,40,4,2280,20,25,3,1800,18,27,5,1650,2,3,0,210,7,24,2,564,0,0,0,0,6,11,1,540,18,30,4,1622,39,57,9,3486,Serie A,28,39,6,2487,1,3,0,90
19/6/2011,Simon Sluga,24024493,761,3/17/1993,18,0,0,0,0,1300,4350,3900,130,84,44072,183,83,GK ,6,10,11,10,11,13,11,13,8,5,9,5,2,2,2,5,7,1,3,3,3,1,1,2,3,10,7,13,13,13,1,11,9,2,10,3,13,1,2,5,7,7,8,10,12,8,20,3,3,10,12,9,7,10,14,12,10,9,11,11,12,3,1,1,1,1,1,1,1,GK ,0,20,1,1,1,1,1,1,1,1,1,1,1,1,1,1,0,0,0,0,0,0,0,0,0,0,0,0,0,0,0,0,0,0,0,0,0,0,0,0,0,0,0,0,0,0,0,0,0,0,0,0,0,0,0,0,0,0,0,0,0,0,0,0,0,Simon Sluga,£68Th. ,27,191,Goalkeeper,right,Luton Town,nan,nan,nan,nan,6,8,1,540,24,35,6,2160,31,21,17,2724,28,94,16,2520,3,8,0,270,2,3,1,210,39,39,13,3471,41,41,13,3690,Serie A,34,54,6,3060,7,6,3,630
19/6/2011,Samuel Radlinger,16024019,755,11/7/1992,18,0,0,2,0,2500,4250,4250,122,85,189985,196,86,GK ,14,9,9,5,9,9,12,12,9,7,8,6,2,3,3,8,10,1,2,3,1,2,3,2,6,9,8,11,6,11,1,12,10,3,8,2,14,3,7,10,11,8,14,5,13,10,20,12,12,10,5,7,3,9,13,16,10,7,12,11,14,11,1,1,1,1,1,1,1,GK ,0,20,1,1,1,1,1,1,1,1,1,1,1,1,1,1,0,0,0,0,0,0,0,0,0,0,0,0,0,0,0,0,0,0,0,0,0,0,0,0,0,0,0,0,0,0,0,0,0,0,0,0,0,0,0,0,0,0,0,0,0,0,0,0,0,Samuel Sahin-Radlinger,£225Th. ,27,198,Goalkeeper,right,SV Ried,1,3,0,90,16,17,6,1440,26,30,7,2340,1,0,1,90,14,9,8,1260,28,34,7,2520,7,14,0,660,33,32,16,2970,1,2,0,90,Bundesliga,18,31,2,1620,6,13,0,600
19/6/2011,Patrick Rakovsky,91100535,771,6/2/1993,18,0,0,0,0,3250,5000,5500,138,100,1857189,187,86,GK ,7,12,12,14,13,15,12,15,9,7,13,4,3,1,3,5,7,3,2,1,2,3,1,1,4,12,9,14,8,12,3,13,9,1,10,3,13,4,5,9,11,8,15,20,9,7,5,6,6,10,5,10,9,10,6,14,13,13,15,13,13,11,1,1,1,1,1,1,1,GK ,0,20,1,1,1,1,1,1,1,1,1,1,1,1,1,1,0,0,0,0,0,0,0,0,0,0,0,0,0,0,0,0,0,0,0,0,0,0,0,0,0,0,0,0,0,0,0,0,0,0,0,0,0,0,0,0,0,0,0,0,0,0,0,0,0,Patrick Rakovsky,£450Th. ,27,187,Goalkeeper,left,FC Lahti,16,15,7,1440,17,15,6,1530,13,15,3,1124,14,18,4,1214,21,25,4,1844,15,17,4,1266,15,26,2,1305,25,39,5,2250,33,46,11,3000,Bundesliga,24,33,9,2160,nan,nan,nan,nan
19/6/2011,Koen Casteels,18010782,757,6/25/1992,18,0,0,0,0,2950,5000,5000,138,107,3551549,196,81,GK ,15,10,12,8,12,14,10,12,11,8,15,5,3,1,3,12,7,8,3,2,1,12,3,2,7,11,4,8,10,14,14,10,15,2,3,1,14,2,10,10,10,12,15,7,13,12,20,7,8,10,12,10,16,9,9,15,15,8,14,14,14,16,1,1,1,1,1,1,1,GK ,0,20,1,1,1,1,1,1,1,1,1,1,1,1,1,1,0,0,0,0,0,0,0,0,0,0,0,0,0,0,0,0,0,0,0,0,0,0,0,0,0,0,0,0,0,0,0,0,0,0,0,0,0,0,0,0,0,0,0,0,0,0,0,0,0,Koen Casteels,£720Th. ,28,197,Goalkeeper,left,VfL Wolfsburg,0,0,0,0,23,27,6,2070,25,43,6,2196,25,56,2,2263,9,11,4,810,17,14,5,1560,24,32,10,2160,39,50,11,3510,29,40,11,2565,Bundesliga,32,47,7,2910,6,2,4,540
19/6/2011,Jed Steer,28025341,765,9/23/1992,18,0,0,2,0,1150,2250,2500,137,77,302069,191,85,GK ,10,9,12,1,11,9,11,12,2,4,10,5,3,2,3,2,7,1,3,3,3,3,2,3,5,1,10,12,8,9,10,9,14,1,4,8,11,10,10,1,11,11,10,9,13,1,20,9,9,9,1,7,2,10,8,16,13,7,12,11,15,2,1,1,1,1,1,1,1,GK ,0,20,1,1,1,1,1,1,1,1,1,1,1,1,1,1,0,0,0,0,0,0,0,0,0,0,0,0,0,0,0,0,0,0,0,0,0,0,0,0,0,0,0,0,0,0,0,0,0,0,0,0,0,0,0,0,0,0,0,0,0,0,0,0,0,Jed Steer,£225Th. ,28,182,Goalkeeper,left,Aston Villa,0,0,0,0,22,43,3,1935,16,17,6,1440,4,9,1,360,39,70,25,3450,39,54,9,3436,3,6,1,270,6,11,0,540,39,40,12,3524,Premier League,4,3,1,278,2,1,1,180
19/6/2011,Jan Oblak,64016316,795,1/7/1993,18,0,0,7,0,2500,5400,4750,136,108,285677,185,77,GK ,14,14,7,9,14,14,13,13,4,10,11,7,2,3,3,5,10,1,3,1,2,2,3,3,9,7,10,13,7,7,1,14,9,1,12,3,14,3,4,11,10,9,12,11,13,8,20,4,4,10,6,10,11,8,10,13,8,14,13,8,12,11,1,1,1,1,1,1,1,GK ,0,20,1,1,1,1,1,1,1,1,1,1,1,1,1,1,0,0,0,0,0,0,0,0,0,0,0,0,0,0,0,0,0,0,0,0,0,0,0,0,0,0,0,0,0,0,0,0,0,0,0,0,0,0,0,0,0,0,0,0,0,0,0,0,0,Jan Oblak,£990Th. ,27,188,Goalkeeper,right,Atlético Madrid,2,3,0,210,17,30,4,1530,31,40,9,2754,28,8,22,2522,21,18,11,1897,51,26,32,4650,41,28,21,3641,49,28,29,4410,46,38,24,4170,Liga NOS,49,38,22,4446,6,5,4,540
19/6/2011,Fábio Santos,55041887,788,11/14/1992,18,0,0,0,0,250,1500,1500,106,75,115595,187,80,GK ,13,7,11,7,13,9,9,13,9,4,9,5,3,2,1,2,10,1,1,3,3,1,3,3,7,10,7,11,13,8,1,11,9,3,7,1,11,2,3,11,10,11,10,20,11,10,9,3,4,10,9,9,14,8,12,19,9,10,9,16,5,10,1,1,1,1,1,1,1,GK ,0,20,1,1,1,1,1,1,1,1,1,1,1,1,1,1,0,0,0,0,0,0,0,0,0,0,0,0,0,0,0,0,0,0,0,0,0,0,0,0,0,0,0,0,0,0,0,0,0,0,0,0,0,0,0,0,0,0,0,0,0,0,0,0,0,Fábio Santos,£90Th. ,27,187,Goalkeeper,left,SC Coimbrões,nan,nan,nan,nan,0,0,0,0,1,1,0,120,0,0,0,0,2,1,1,180,nan,nan,nan,nan,nan,nan,nan,nan,0,0,0,0,nan,nan,nan,nan,Liga NOS,nan,nan,nan,nan,nan,nan,nan,nan
19/6/2011,Donovan Léon,85049252,769,11/3/1992,18,0,0,0,0,1390,4724,2781,122,105,296889,186,88,GK ,9,9,7,7,12,15,13,14,9,8,10,7,3,1,3,10,9,1,11,3,3,7,2,2,10,7,10,13,11,11,9,10,12,2,6,2,11,9,6,13,15,14,13,1,15,12,20,12,14,14,7,5,7,1,12,15,14,9,10,15,15,6,1,1,1,1,1,1,1,GK ,0,20,1,1,1,1,1,1,1,1,1,1,1,1,1,1,0,0,0,0,0,0,0,0,0,0,0,0,0,0,0,0,0,0,0,0,0,0,0,0,0,0,0,0,0,0,0,0,0,0,0,0,0,0,0,0,0,0,0,0,0,0,0,0,0,Donovan Léon,£360Th. ,27,187,Goalkeeper,right,AJ Auxerre,nan,nan,nan,nan,4,5,2,390,16,22,3,1440,26,31,8,2347,24,23,7,2220,2,2,1,180,6,7,2,492,0,0,0,0,4,7,0,450,Ligue 1,5,7,2,392,6,9,1,498
19/6/2011,Carlo Masciullo,43080235,776,1/7/1993,18,0,0,0,0,50,1450,1450,62,36,1666,189,88,GK ,11,9,7,4,6,8,8,11,14,8,5,2,2,3,2,1,6,1,1,3,1,1,2,1,2,12,4,8,2,9,1,4,9,2,11,3,10,1,1,9,7,7,12,8,15,5,20,1,3,8,10,10,10,7,7,6,7,7,12,12,7,6,1,1,1,1,1,1,1,GK ,0,20,1,1,1,1,1,1,1,1,1,1,1,1,1,1,0,0,0,0,0,0,0,0,0,0,0,0,0,0,0,0,0,0,0,0,0,0,0,0,0,0,0,0,0,0,0,0,0,0,0,0,0,0,0,0,0,0,0,0,0,0,0,0,0,,,,,,,,,,,,,,,,,,,,,,,,,,,,,,,,,,,,,,,,,,,,,,,,,,,,
19/6/2011,Andrea Sala,43075155,776,1/6/1993,18,0,0,0,0,50,2850,2850,79,62,10511,189,90,GK ,13,7,6,4,10,7,11,11,6,6,11,4,3,3,1,2,7,1,2,1,1,1,1,1,1,6,3,10,5,10,1,13,8,2,3,3,4,1,3,9,13,13,11,8,7,10,20,5,3,10,8,10,12,8,8,11,15,15,6,9,11,10,1,1,1,1,1,1,1,GK ,0,20,1,1,1,1,1,1,1,1,1,1,1,1,1,1,0,0,0,0,0,0,0,0,0,0,0,0,0,0,0,0,0,0,0,0,0,0,0,0,0,0,0,0,0,0,0,0,0,0,0,0,0,0,0,0,0,0,0,0,0,0,0,0,0,Andrea Sbraga,£90Th. ,28,189,Defender - Centre-Back,right,Novara Calcio 1908,nan,nan,nan,nan,29,1,0,2488,25,0,0,1917,23,0,0,1784,35,0,0,2978,33,3,1,2881,21,0,1,1746,39,1,1,3344,27,0,0,2123,Serie A,31,3,0,2745,2,0,0,117
19/6/2011,Alphonse Areola,85027976,769,2/27/1993,18,0,0,0,0,1300,2600,2600,178,104,739810,191,88,GK ,14,9,10,9,14,9,12,12,11,8,6,2,2,3,1,6,7,3,11,3,3,8,1,1,6,8,12,12,12,12,6,11,14,8,9,2,10,11,5,13,12,17,15,1,13,9,20,13,17,14,8,13,10,1,17,14,14,15,15,17,17,5,5,5,1,1,1,5,1,GK ,0,20,1,1,1,1,1,1,5,1,1,1,1,1,5,1,0,0,0,0,0,0,0,0,0,0,0,0,0,0,0,0,0,0,0,0,0,0,0,0,0,0,0,0,0,0,0,0,0,0,0,0,0,0,0,0,0,0,0,0,0,0,0,0,0,Alphonse Areola,£630Th. ,27,195,Goalkeeper,right,Fulham FC,0,0,0,0,0,0,0,0,2,1,1,104,36,32,12,3279,40,48,13,3660,37,32,17,3330,27,21,13,2376,43,35,21,3870,31,27,16,2805,Ligue 1,13,14,5,1124,6,11,1,540
19/6/2011,Yoann Collas,85056995,769,6/16/1992,19,0,0,0,0,1100,2200,2200,98,88,32720,188,85,GK ,13,10,8,8,10,11,12,10,8,11,7,3,2,3,3,9,7,3,2,2,1,8,1,2,9,8,10,13,11,11,8,11,12,6,9,2,11,10,6,9,11,14,14,1,14,8,20,14,14,14,8,10,6,1,9,12,14,9,11,13,13,6,1,1,1,1,1,1,1,GK ,0,20,1,1,1,1,1,1,1,1,1,1,1,1,1,1,0,0,0,0,0,0,0,0,0,0,0,0,0,0,0,0,0,0,0,0,0,0,0,0,0,0,0,0,0,0,0,0,0,0,0,0,0,0,0,0,0,0,0,0,0,0,0,0,0,Yoann Collas, ,28,188,Goalkeeper,nan,Unknown,nan,nan,nan,nan,0,0,0,0,nan,nan,nan,nan,nan,nan,nan,nan,nan,nan,nan,nan,13,18,3,1170,nan,nan,nan,nan,nan,nan,nan,nan,nan,nan,nan,nan,Ligue 1,nan,nan,nan,nan,nan,nan,nan,nan
19/6/2011,Thibaut Courtois,18026122,757,5/11/1992,19,0,0,1,0,4500,6500,6250,163,130,3715224,199,87,GK ,19,14,8,5,14,14,13,17,10,5,10,5,1,10,1,10,10,10,3,3,2,14,3,2,15,8,11,13,10,14,8,10,14,14,8,2,14,14,10,11,10,12,19,20,11,10,5,9,12,15,5,18,5,10,13,14,15,19,14,14,14,12,1,1,1,1,1,1,1,GK ,0,20,1,1,1,1,1,1,1,1,1,1,1,1,1,1,0,0,0,0,0,0,0,0,0,0,0,0,0,0,0,0,0,0,0,0,0,0,0,0,0,0,0,0,0,0,0,0,0,0,0,0,0,0,0,0,0,0,0,0,0,0,0,0,0,Thibaut Courtois,£8.10m ,28,199,Goalkeeper,left,Real Madrid,44,47,14,3960,52,50,24,4612,46,35,24,4170,56,40,28,5070,39,35,16,3504,30,38,6,2650,39,32,17,3510,46,47,19,4170,35,48,10,3150,LaLiga,43,32,21,3855,7,7,3,630
19/6/2011,Rafael,55028089,788,3/1/1992,19,0,0,0,0,275,1000,1000,88,65,563,182,77,GK ,6,9,12,11,12,9,11,12,6,9,8,3,3,2,3,1,8,1,1,2,3,1,2,3,1,9,2,12,5,12,1,11,8,1,2,3,9,1,1,4,14,12,8,8,13,2,20,2,4,10,5,10,5,7,13,12,9,9,12,13,11,9,1,1,1,1,1,1,1,GK ,0,20,1,1,1,1,1,1,1,1,1,1,1,1,1,1,0,0,0,0,0,0,0,0,0,0,0,0,0,0,0,0,0,0,0,0,0,0,0,0,0,0,0,0,0,0,0,0,0,0,0,0,0,0,0,0,0,0,0,0,0,0,0,0,0,Rafael,£8.10m ,30,172,Defender - Right-Back,right,Istanbul Basaksehir FK,29,0,1,2073,19,0,5,1447,40,3,4,3350,29,0,1,2243,17,1,1,1099,27,1,2,1881,41,0,6,3174,31,1,2,2359,22,0,1,1333,Premier League,20,0,0,1191,4,0,1,199
19/6/2011,Pierrick Cros,85056628,769,6/23/1991,19,0,0,0,0,4400,5550,5550,150,123,2527071,185,75,GK ,13,11,12,11,13,12,13,13,15,11,8,8,3,2,1,10,10,1,2,1,1,8,2,1,10,8,13,15,14,14,9,12,13,6,9,3,10,11,8,15,14,14,13,1,15,12,20,14,13,14,8,14,8,1,13,14,13,16,14,14,14,5,1,1,1,1,1,1,1,GK ,0,20,1,5,1,1,1,1,1,1,1,1,1,1,1,1,0,0,0,0,0,0,0,0,0,0,0,0,0,0,0,0,0,0,0,0,0,0,0,0,0,0,0,0,0,0,0,0,0,0,0,0,0,0,0,0,0,0,0,0,0,0,0,0,0,Pierrick Cros,£45Th. ,28,185,Defender - Centre-Back,right,Stade Lavallois,0,0,0,0,1,0,0,16,30,0,0,2234,28,0,0,2454,26,1,0,2292,28,2,0,1889,29,0,1,2449,9,0,0,610,1,0,0,90,Ligue 1,17,1,0,1434,6,0,0,379
19/6/2011,Miguel,55028349,788,1/12/1992,19,0,0,0,0,200,600,600,120,60,363,189,83,GK ,13,9,8,9,12,13,9,12,13,10,10,2,2,3,3,7,4,1,1,1,2,2,2,2,2,5,9,8,5,5,1,5,8,2,8,2,11,1,2,8,13,12,11,8,14,13,20,1,4,7,11,10,7,10,13,1,14,2,8,10,12,8,1,1,1,1,1,1,1,GK ,0,20,1,1,1,1,1,1,1,1,1,1,1,1,1,1,0,0,0,0,0,0,0,0,0,0,0,0,0,0,0,0,0,0,0,0,0,0,0,0,0,0,0,0,0,0,0,0,0,0,0,0,0,0,0,0,0,0,0,0,0,0,0,0,0,Miguel,£3.15m ,40,179,Defender - Right-Back,right,Retired,30,0,3,2367,22,0,3,1833,nan,nan,nan,nan,nan,nan,nan,nan,nan,nan,nan,nan,nan,nan,nan,nan,nan,nan,nan,nan,nan,nan,nan,nan,nan,nan,nan,nan,LaLiga,nan,nan,nan,nan,nan,nan,nan,nan
19/6/2011,Marc-André ter Stegen,35017428,771,4/30/1992,19,0,0,0,0,5000,7050,7050,167,147,3772518,189,84,GK ,12,15,16,5,11,16,13,14,17,12,15,5,3,3,1,12,10,7,1,2,3,10,2,1,12,11,14,16,15,15,9,12,19,5,14,1,11,13,10,14,12,13,16,15,12,10,20,10,12,16,12,12,8,10,7,19,15,17,18,12,8,5,1,1,1,1,1,1,1,GK ,0,20,1,1,1,1,1,1,1,1,1,1,1,1,1,1,0,0,0,0,0,0,0,0,0,0,0,0,0,0,0,0,0,0,0,0,0,0,0,0,0,0,0,0,0,0,0,0,0,0,0,0,0,0,0,0,0,0,0,0,0,0,0,0,0,Marc-André ter Stegen,£9.00m ,28,187,Goalkeeper,right,FC Barcelona,24,23,7,2160,39,26,18,3600,45,63,13,4067,35,43,10,3180,21,16,10,1890,26,27,9,2312,46,47,17,4140,48,39,24,4320,49,43,23,4410,Bundesliga,46,50,17,4140,nan,nan,nan,nan
19/6/2011,Bernd Leno,92012109,771,3/4/1992,19,0,0,0,0,2750,6700,6700,143,134,1261314,190,79,GK ,13,11,10,5,15,14,15,16,12,13,11,6,2,3,1,8,8,3,2,1,1,11,1,1,11,8,13,13,12,14,7,11,13,2,8,2,13,11,11,12,15,12,16,7,12,11,20,15,11,13,4,13,4,10,13,13,12,13,14,10,13,5,1,1,1,1,1,1,1,GK ,0,20,1,1,1,1,1,1,1,1,1,1,1,1,1,1,0,0,0,0,0,0,0,0,0,0,0,0,0,0,0,0,0,0,0,0,0,0,0,0,0,0,0,0,0,0,0,0,0,0,0,0,0,0,0,0,0,0,0,0,0,0,0,0,0,Bernd Leno,£7.20m ,28,190,Goalkeeper,right,Arsenal FC,37,46,8,3330,44,63,13,3960,40,41,15,3600,46,60,11,4170,48,46,23,4440,49,58,18,4405,42,64,9,3780,38,49,12,3480,36,45,9,3195,Bundesliga,32,41,9,2860,9,8,3,810
19/6/2011,Benjamin Siegrist,28038177,798,1/31/1992,19,0,0,0,0,2500,4400,4400,143,96,520619,193,76,GK ,15,12,10,7,14,10,12,14,12,15,12,6,2,3,3,7,8,5,3,2,1,8,2,1,11,7,9,10,10,11,1,8,8,3,11,2,12,1,3,8,11,12,18,8,18,8,20,3,9,10,6,10,13,10,14,9,6,10,12,8,8,4,1,1,1,1,1,1,1,GK ,0,20,1,1,1,1,1,1,1,1,1,1,1,1,1,1,0,0,0,0,0,0,0,0,0,0,0,0,0,0,0,0,0,0,0,0,0,0,0,0,0,0,0,0,0,0,0,0,0,0,0,0,0,0,0,0,0,0,0,0,0,0,0,0,0,Benjamin Nivet,£630Th. ,43,178,Midfielder - Attacking Midfield,right,Retired,34,3,5,2421,36,7,2,1637,40,10,4,3123,41,10,9,2935,36,11,9,2187,36,4,7,2562,39,10,8,3233,29,4,2,1658,24,0,4,692,Ligue 1,nan,nan,nan,nan,nan,nan,nan,nan
19/6/2011,Anthony Loustalot,85057578,769,3/30/1992,19,0,0,0,0,1100,3950,3950,123,88,135384,183,77,GK ,14,8,8,6,10,10,12,12,9,13,7,3,1,1,1,8,6,2,3,2,2,8,1,2,8,13,13,14,12,12,11,10,14,6,6,3,9,1,9,11,11,13,11,1,15,7,20,3,13,14,10,14,9,10,9,14,14,14,16,16,16,5,1,1,1,1,1,1,1,GK ,0,20,1,1,1,1,1,1,1,1,1,1,1,1,1,1,0,0,0,0,0,0,0,0,0,0,0,0,0,0,0,0,0,0,0,0,0,0,0,0,0,0,0,0,0,0,0,0,0,0,0,0,0,0,0,0,0,0,0,0,0,0,0,0,0,,,,,,,,,,,,,,,,,,,,,,,,,,,,,,,,,,,,,,,,,,,,,,,,,,,,
19/6/2011,Alexander Schwolow,91105570,771,6/2/1992,19,0,0,0,0,1000,4094,4050,97,91,78293,190,71,GK ,13,13,9,4,13,13,13,13,12,7,10,2,1,1,1,1,6,2,2,1,2,2,2,2,4,9,10,12,8,11,1,13,8,1,11,1,13,1,3,8,11,13,13,12,12,6,20,2,4,10,12,10,9,10,5,14,11,15,8,10,16,16,1,1,1,1,1,1,1,GK ,0,20,1,1,1,1,1,1,1,1,1,1,1,1,1,1,0,0,0,0,0,0,0,0,0,0,0,0,0,0,0,0,0,0,0,0,0,0,0,0,0,0,0,0,0,0,0,0,0,0,0,0,0,0,0,0,0,0,0,0,0,0,0,0,0,Alexander Schwolow,£180Th. ,28,190,Goalkeeper,right,Hertha BSC,27,41,5,2490,18,28,7,1620,14,20,3,1260,11,14,2,990,43,47,18,3906,33,37,10,2970,35,60,7,3150,37,59,11,3267,35,64,5,3180,Bundesliga,25,32,5,2212,6,17,0,540
19/6/2011,Alberto Gallinetta,43029907,776,4/16/1992,19,0,0,0,0,1000,3350,3350,90,75,153438,195,90,GK ,13,7,8,5,12,14,14,8,7,9,12,3,1,1,2,7,8,1,2,2,3,2,1,3,2,14,10,11,9,12,1,11,7,2,12,2,13,2,2,9,8,11,15,5,5,7,20,6,5,9,10,10,10,9,9,13,7,6,11,10,11,9,1,1,1,1,1,1,1,GK ,0,20,1,1,1,1,1,1,1,1,1,1,1,1,1,1,0,0,0,0,0,0,0,0,0,0,0,0,0,0,0,0,0,0,0,0,0,0,0,0,0,0,0,0,0,0,0,0,0,0,0,0,0,0,0,0,0,0,0,0,0,0,0,0,0,Alberto Gallinetta,£68Th. ,28,195,Goalkeeper,right,SP Cailungo,5,7,0,438,17,28,4,1560,16,26,3,1401,nan,nan,nan,nan,8,15,3,720,12,41,0,1036,1,2,0,90,2,7,0,180,8,13,1,720,Serie A,15,23,4,1350,7,19,0,630
19/6/2011,Abdoulaye Diallo,85058785,769,3/30/1992,19,0,0,0,0,2300,4634,4600,137,103,245858,189,80,GK ,11,8,10,7,10,14,13,15,11,12,11,4,3,1,1,7,6,3,3,1,2,2,1,1,7,8,12,14,12,12,1,9,9,2,8,3,7,3,8,11,11,15,14,1,15,8,20,13,15,14,10,9,5,1,13,18,13,8,8,13,8,5,1,1,1,1,1,1,1,GK ,0,20,1,1,1,1,1,1,1,1,1,1,1,1,1,1,0,0,0,0,0,0,0,0,0,0,0,0,0,0,0,0,0,0,0,0,0,0,0,0,0,0,0,0,0,0,0,0,0,0,0,0,0,0,0,0,0,0,0,0,0,0,0,0,0,Abdoulaye Diallo,£540Th. ,28,191,Goalkeeper,right,Nottingham Forest,0,0,0,0,3,5,1,300,1,2,0,90,16,18,3,1440,35,37,8,3067,9,12,2,810,19,32,1,1710,8,19,0,720,9,8,3,765,Ligue 1,5,8,1,450,nan,nan,nan,nan
19/6/2011,Rémi Pillot,85028013,769,7/27/1990,20,0,0,0,0,1350,2700,2700,145,108,68825,187,80,GK ,15,10,11,6,12,9,13,12,9,10,11,8,2,3,3,8,10,2,2,2,3,8,1,2,8,8,14,13,13,13,11,12,15,6,11,2,11,9,7,11,10,15,13,1,14,9,20,14,13,14,8,10,6,1,10,15,13,13,14,14,14,6,1,1,1,1,1,1,1,GK ,0,20,1,1,1,1,1,1,1,1,1,1,1,1,1,1,0,0,0,0,0,0,0,0,0,0,0,0,0,0,0,0,0,0,0,0,0,0,0,0,0,0,0,0,0,0,0,0,0,0,0,0,0,0,0,0,0,0,0,0,0,0,0,0,0,Rémi Pillot,£270Th. ,30,187,Goalkeeper,right,LB Châteauroux,0,0,0,0,0,0,0,0,7,8,3,690,0,0,0,0,0,0,0,0,0,0,0,0,17,14,7,1573,10,12,2,930,33,38,11,2970,Ligue 1,14,15,3,1228,1,2,0,90
19/6/2011,Ole Söderberg,8119984,797,7/20/1990,20,0,0,0,0,2000,4000,3950,111,86,163020,191,85,GK ,10,8,10,8,12,12,10,14,10,8,14,3,2,1,2,4,7,5,2,2,3,9,1,1,9,9,9,8,8,10,8,8,13,3,8,3,10,10,11,9,11,13,14,20,13,8,8,11,10,9,3,10,8,8,5,15,11,11,7,8,16,7,1,1,1,1,1,1,1,GK ,0,20,1,1,1,1,1,1,1,1,1,1,1,1,1,1,0,0,0,0,0,0,0,0,0,0,0,0,0,0,0,0,0,0,0,0,0,0,0,0,0,0,0,0,0,0,0,0,0,0,0,0,0,0,0,0,0,0,0,0,0,0,0,0,0,Ole Söderberg,£180Th. ,30,194,Goalkeeper,right,Kalmar FF,13,24,2,1170,23,38,7,2100,12,14,3,1084,20,29,2,1755,15,25,1,1350,33,42,9,2960,9,19,2,810,4,4,1,360,12,26,1,1035,Premier League,6,12,0,540,nan,nan,nan,nan
19/6/2011,Mika,55024519,788,3/8/1991,20,0,0,0,0,3282,5302,5302,132,107,1162129,190,82,GK ,11,12,10,7,11,14,14,14,7,12,12,7,1,1,1,1,10,2,2,2,1,1,3,3,6,11,7,14,10,10,1,9,16,3,10,2,13,1,10,12,13,15,16,20,17,13,5,7,15,12,5,12,4,10,14,12,13,13,14,14,14,5,1,1,1,1,1,1,1,GK ,0,20,1,1,1,1,1,1,1,1,1,1,1,1,1,1,0,0,0,0,0,0,0,0,0,0,0,0,0,0,0,0,0,0,0,0,0,0,0,0,0,0,0,0,0,0,0,0,0,0,0,0,0,0,0,0,0,0,0,0,0,0,0,0,0,Mika,£1.35m ,29,195,Goalkeeper,left,Académica Coimbra,4,8,1,390,0,0,0,0,30,43,5,2700,16,36,14,1440,31,39,10,2769,29,26,12,2640,7,6,4,630,4,9,0,360,7,15,1,660,Liga NOS,22,21,7,1980,7,3,4,630
19/6/2011,Marc Vidal,85057582,769,6/3/1991,20,0,0,0,0,2450,4950,4950,160,110,640088,187,80,GK ,12,11,7,7,13,10,13,13,10,11,8,3,2,2,3,9,8,2,1,3,3,8,1,3,9,8,13,13,13,13,9,12,16,6,7,3,11,11,8,12,13,15,13,5,15,11,20,13,14,15,8,10,8,1,20,14,14,14,15,15,15,6,1,1,1,1,1,1,1,GK ,0,20,1,1,1,1,1,1,1,1,1,1,1,1,1,1,0,0,0,0,0,0,0,0,0,0,0,0,0,0,0,0,0,0,0,0,0,0,0,0,0,0,0,0,0,0,0,0,0,0,0,0,0,0,0,0,0,0,0,0,0,0,0,0,0,Marc Vidal,£270Th. ,29,183,Goalkeeper,right,FC Blagnac,2,2,0,92,0,0,0,0,0,0,0,0,0,0,0,0,1,3,0,90,0,0,0,0,0,0,0,0,0,0,0,0,0,0,0,0,Ligue 1,nan,nan,nan,nan,nan,nan,nan,nan
19/6/2011,Lucas Veronese,85033650,769,2/6/1991,20,0,0,0,0,1300,2600,2600,146,105,34989,188,76,GK ,14,13,13,7,11,10,13,13,8,12,9,5,1,1,3,8,7,1,1,3,3,3,3,3,8,7,12,11,10,12,2,10,10,2,8,2,9,3,7,15,13,14,14,1,15,12,20,12,11,14,7,10,5,1,7,17,14,14,9,8,14,19,1,1,1,1,1,1,1,GK ,0,20,1,1,1,1,1,1,1,1,1,1,1,1,1,1,0,0,0,0,0,0,0,0,0,0,0,0,0,0,0,0,0,0,0,0,0,0,0,0,0,0,0,0,0,0,0,0,0,0,0,0,0,0,0,0,0,0,0,0,0,0,0,0,0,Lucas Veronese,£135Th. ,29,187,Goalkeeper,right,Retired,0,0,0,0,0,0,0,0,6,12,0,600,7,15,1,630,15,17,4,1325,nan,nan,nan,nan,nan,nan,nan,nan,nan,nan,nan,nan,nan,nan,nan,nan,Ligue 1,nan,nan,nan,nan,nan,nan,nan,nan
19/6/2011,Lars Unnerstall,91018384,771,7/20/1990,20,0,0,0,0,1750,4750,4750,122,95,84470,198,100,GK ,11,11,14,8,14,10,12,14,10,12,14,5,2,3,2,4,7,1,1,1,3,1,2,2,7,14,10,12,8,8,1,9,9,2,14,1,11,1,4,11,13,9,18,2,7,10,20,4,10,10,9,10,11,9,9,9,10,10,12,8,6,6,1,1,1,1,1,1,1,GK ,0,20,1,1,1,1,1,1,1,1,1,1,1,1,1,1,0,0,0,0,0,0,0,0,0,0,0,0,0,0,0,0,0,0,0,0,0,0,0,0,0,0,0,0,0,0,0,0,0,0,0,0,0,0,0,0,0,0,0,0,0,0,0,0,0,Lars Unnerstall,£900Th. ,30,198,Goalkeeper,right,PSV Eindhoven,27,33,7,2430,30,34,9,2625,18,21,6,1620,18,32,4,1620,10,16,3,900,2,5,1,210,10,15,2,900,32,51,8,2880,34,62,6,2990,Bundesliga,20,26,4,1830,0,0,0,0
19/6/2011,Kevin Trapp,35018013,771,7/8/1990,20,0,0,5,0,1000,6650,6650,158,133,1971421,189,83,GK ,14,12,12,11,13,10,15,17,12,13,11,6,2,3,2,11,10,10,3,2,3,11,1,1,11,7,12,14,13,12,7,13,9,6,8,1,13,13,13,11,13,13,15,5,14,10,20,12,13,12,1,13,4,10,6,13,12,11,11,12,8,8,1,1,1,1,1,1,1,GK ,0,20,1,1,1,1,1,1,1,1,1,1,1,1,1,1,0,0,0,0,0,0,0,0,0,0,0,0,0,0,0,0,0,0,0,0,0,0,0,0,0,0,0,0,0,0,0,0,0,0,0,0,0,0,0,0,0,0,0,0,0,0,0,0,0,Kevin Trapp,£2.70m ,30,189,Goalkeeper,right,Eintracht Frankfurt,13,11,5,1170,27,35,5,2460,27,37,7,2359,46,69,15,4127,23,35,6,2070,46,25,25,4095,31,23,18,2754,14,13,5,1260,45,61,12,4048,Bundesliga,34,55,7,3060,6,10,0,540
19/6/2011,Jonathan Ligali,29046742,769,5/28/1991,20,0,0,0,0,1118,3959,3723,123,88,58218,183,82,GK ,14,9,9,5,11,8,11,11,11,8,6,6,2,1,3,7,10,1,3,1,2,6,1,2,7,8,12,12,13,13,7,11,14,5,7,1,10,11,9,10,9,14,11,1,15,8,20,12,14,14,5,15,5,1,10,15,14,14,14,14,14,6,1,1,1,1,1,1,1,GK ,0,20,1,1,1,1,1,1,1,1,1,1,1,1,1,1,0,0,0,0,0,0,0,0,0,0,0,0,0,0,0,0,0,0,0,0,0,0,0,0,0,0,0,0,0,0,0,0,0,0,0,0,0,0,0,0,0,0,0,0,0,0,0,0,0,Jonathan Ligali,£360Th. ,29,184,Goalkeeper,right,Without Club,0,0,0,0,0,0,0,0,2,2,0,180,0,0,0,0,7,8,3,630,8,15,1,720,1,3,0,90,30,38,11,2700,0,0,0,0,Ligue 1,nan,nan,nan,nan,nan,nan,nan,nan
19/6/2011,Declan Rudd,28011400,765,1/16/1991,20,0,0,1,0,2250,4500,4750,124,95,273402,191,85,GK ,12,12,11,1,11,13,11,11,2,4,10,2,3,2,3,4,6,3,3,1,1,3,10,2,9,7,10,12,11,10,9,11,15,1,9,1,11,11,6,1,12,12,14,10,13,4,20,11,12,9,1,9,2,9,7,14,14,11,14,12,16,1,1,1,1,1,1,1,1,GK ,0,20,1,1,1,1,1,1,1,1,1,1,1,1,1,1,0,0,0,0,0,0,0,0,0,0,0,0,0,0,0,0,0,0,0,0,0,0,0,0,0,0,0,0,0,0,0,0,0,0,0,0,0,0,0,0,0,0,0,0,0,0,0,0,0,Declan Rudd,£450Th. ,29,191,Goalkeeper,right,Preston North End,3,5,0,270,13,27,2,1043,23,26,9,2070,55,55,20,4950,6,5,1,540,15,25,4,1380,40,46,8,3600,18,19,3,1620,36,46,9,3240,Premier League,46,54,9,4140,7,8,1,630
19/6/2011,David Oberhauser,85051277,769,11/29/1990,20,0,0,0,0,450,2000,2000,117,80,13367,184,79,GK ,12,14,7,3,12,12,8,12,10,16,11,2,1,1,2,5,4,3,2,1,2,2,2,2,4,10,10,13,9,10,3,7,9,1,1,1,14,1,3,8,12,12,12,5,14,8,20,2,7,8,8,10,7,10,8,1,10,12,11,8,11,7,1,1,1,1,1,1,1,GK ,0,20,1,1,1,1,1,1,1,1,1,1,1,1,1,1,0,0,0,0,0,0,0,0,0,0,0,0,0,0,0,0,0,0,0,0,0,0,0,0,0,0,0,0,0,0,0,0,0,0,0,0,0,0,0,0,0,0,0,0,0,0,0,0,0,David Oberhauser,£45Th. ,29,187,Goalkeeper,right,Le Puy Foot 43 Auvergne,0,0,0,0,nan,nan,nan,nan,1,1,0,28,4,10,0,360,3,3,1,184,13,17,1,1200,4,6,0,420,2,3,0,180,35,51,6,3150,Ligue 1,6,11,0,600,6,3,3,540
19/6/2011,David De Gea,67030171,796,11/7/1990,20,0,0,13,0,6000,7350,7600,180,154,13921623,188,71,GK ,17,16,11,4,16,15,14,16,4,8,12,6,2,3,2,15,10,6,2,3,1,12,2,3,9,7,12,11,9,13,10,14,16,5,10,10,16,11,9,11,17,12,16,5,10,14,20,12,12,12,5,15,5,10,16,14,17,10,13,12,13,7,1,1,1,1,1,1,1,GK ,0,20,1,1,1,1,1,1,1,1,1,1,1,1,1,1,0,0,0,0,0,0,0,0,0,0,0,0,0,0,0,0,0,0,0,0,0,0,0,0,0,0,0,0,0,0,0,0,0,0,0,0,0,0,0,0,0,0,0,0,0,0,0,0,0,David de Gea,£15.75m ,29,192,Goalkeeper,right,Manchester United,49,65,14,4410,39,47,15,3510,41,42,12,3690,52,55,20,4710,43,43,14,3854,49,48,19,4470,45,40,16,4080,46,35,22,4140,47,63,10,4230,Premier League,43,44,15,3930,6,13,1,540
19/6/2011,Cristiano,55017603,788,11/29/1990,20,0,0,3,0,750,4500,4500,125,90,321598,195,90,GK ,8,9,12,10,10,12,15,15,15,10,11,7,2,3,2,5,9,4,2,2,1,3,2,2,8,12,7,10,9,7,3,14,6,3,13,2,15,3,4,15,8,8,16,8,13,14,20,5,6,10,9,10,13,10,15,17,7,8,15,15,9,7,1,1,1,1,1,1,1,GK ,0,20,1,1,1,1,1,1,1,1,1,1,1,1,1,1,0,0,0,0,0,0,0,0,0,0,0,0,0,0,0,0,0,0,0,0,0,0,0,0,0,0,0,0,0,0,0,0,0,0,0,0,0,0,0,0,0,0,0,0,0,0,0,0,0,Cristiano,- ,37,174,Forward - Left Winger,left,Without Club,14,0,1,579,12,2,3,806,28,2,4,1853,nan,nan,nan,nan,nan,nan,nan,nan,nan,nan,nan,nan,nan,nan,nan,nan,nan,nan,nan,nan,nan,nan,nan,nan,Liga NOS,nan,nan,nan,nan,nan,nan,nan,nan
19/6/2011,Benjamin Lecomte,85041077,769,4/26/1991,20,0,0,0,0,1444,4589,2888,123,102,93707,184,78,GK ,14,13,14,7,11,11,13,13,11,12,11,7,1,1,3,11,10,1,3,1,1,2,2,3,11,9,11,10,7,13,1,12,14,3,1,2,9,3,9,10,13,14,12,1,12,11,20,5,13,10,9,10,5,1,19,7,14,20,15,15,15,5,1,1,1,1,1,1,1,GK ,0,20,1,1,1,1,1,1,1,1,1,1,1,1,1,1,0,0,0,0,0,0,0,0,0,0,0,0,0,0,0,0,0,0,0,0,0,0,0,0,0,0,0,0,0,0,0,0,0,0,0,0,0,0,0,0,0,0,0,0,0,0,0,0,0,Benjamin Lecomte,£450Th. ,29,186,Goalkeeper,left,AS Monaco,3,1,2,171,8,11,3,728,11,13,2,964,32,26,15,2796,39,51,10,3506,42,57,11,3752,36,59,5,3270,41,38,14,3720,38,43,11,3420,Ligue 1,32,48,7,2880,7,12,1,630
19/6/2011,Baptiste Reynet,85076550,769,10/28/1990,20,0,0,0,0,2650,5354,5350,123,119,1479619,185,85,GK ,14,9,12,7,12,11,13,15,11,6,7,7,2,3,3,9,9,3,1,3,1,7,3,7,9,8,13,13,14,14,6,12,16,6,11,3,12,11,8,11,13,15,12,1,15,9,20,13,15,14,8,14,5,1,6,13,13,15,14,14,14,5,1,1,1,1,1,1,1,GK ,0,20,1,1,1,1,1,1,1,1,1,1,1,1,1,1,0,0,0,0,0,0,0,0,0,0,0,0,0,0,0,0,0,0,0,0,0,0,0,0,0,0,0,0,0,0,0,0,0,0,0,0,0,0,0,0,0,0,0,0,0,0,0,0,0,Baptiste Reynet,£1.58m ,29,185,Goalkeeper,right,Nîmes Olympique,nan,nan,nan,nan,38,59,8,3420,39,53,9,3540,11,26,1,919,39,34,15,3524,40,40,17,3630,37,58,9,3330,38,73,5,3420,32,46,7,2825,Ligue 1,23,49,2,2034,8,13,3,720
19/6/2011,Baba Tchagouni,12012407,50,12/31/1990,20,1,0,0,0,1382,5050,2809,135,101,103586,186,81,GK ,13,11,11,7,14,12,11,11,9,8,7,6,3,2,1,6,10,3,2,3,2,8,2,3,6,7,11,13,14,14,7,11,17,6,9,3,8,1,12,7,11,14,13,1,15,9,20,6,14,14,9,10,5,1,14,12,11,13,15,15,15,6,1,1,1,1,1,1,1,GK ,0,20,1,1,1,1,1,1,1,1,1,1,1,1,1,1,0,0,0,0,0,0,0,0,0,0,0,0,0,0,0,0,0,0,0,0,0,0,0,0,0,0,0,0,0,0,0,0,0,0,0,0,0,0,0,0,0,0,0,0,0,0,0,0,0,Baba Tchagouni,£270Th. ,29,186,Goalkeeper,right,FC Marmande 47,2,3,0,98,4,7,0,390,1,0,1,90,nan,nan,nan,nan,nan,nan,nan,nan,nan,nan,nan,nan,nan,nan,nan,nan,nan,nan,nan,nan,nan,nan,nan,nan,Ligue 1,nan,nan,nan,nan,nan,nan,nan,nan
19/6/2011,Anthony Lopes,85003956,788,10/1/1990,20,0,0,0,0,1163,4250,2147,137,85,12373,184,81,GK ,14,10,10,7,11,10,10,13,5,7,7,4,1,3,2,7,8,1,3,2,3,7,2,2,7,7,11,13,9,12,9,14,8,3,9,2,10,1,3,8,8,14,12,20,10,11,1,4,14,14,3,10,3,1,9,15,13,15,15,8,10,10,1,1,1,1,1,1,1,GK ,0,20,1,1,1,1,1,1,1,1,1,1,1,1,1,1,0,0,0,0,0,0,0,0,0,0,0,0,0,0,0,0,0,0,0,0,0,0,0,0,0,0,0,0,0,0,0,0,0,0,0,0,0,0,0,0,0,0,0,0,0,0,0,0,0,Anthony Lopes,£180Th. ,30,184,Goalkeeper,left,Olympique Lyon,nan,nan,nan,nan,1,0,1,90,7,6,3,630,49,52,18,4352,45,43,17,4080,47,57,16,4230,54,69,17,4920,48,51,18,4320,47,60,12,4174,Ligue 1,41,47,13,3720,8,8,2,720
19/6/2011,Aitor Fernández,67054783,796,5/3/1991,20,0,0,0,0,2000,4250,4250,123,93,139058,182,70,GK ,13,11,9,4,12,12,12,14,7,6,13,6,2,1,3,6,8,2,3,1,1,1,3,2,3,3,5,12,10,9,11,11,9,2,13,2,9,3,4,12,13,12,11,8,12,8,20,5,6,10,6,4,11,9,10,6,8,12,10,7,12,12,1,1,1,1,1,1,1,GK ,0,20,1,1,1,1,1,1,1,1,1,1,1,1,1,1,0,0,0,0,0,0,0,0,0,0,0,0,0,0,0,0,0,0,0,0,0,0,0,0,0,0,0,0,0,0,0,0,0,0,0,0,0,0,0,0,0,0,0,0,0,0,0,0,0,Andrés Fernández,£1.35m ,33,185,Goalkeeper,right,SD Huesca,33,28,13,3000,38,61,10,3377,38,48,12,3420,38,63,9,3390,4,4,2,360,37,66,4,3330,20,24,6,1765,3,6,0,225,22,28,8,1980,LaLiga,9,13,4,840,6,6,2,540
19/6/2011,Abdoulaye Keita,34011754,769,8/19/1990,20,0,0,0,0,2400,4859,4850,140,108,291769,188,83,GK ,13,11,10,8,12,13,13,14,12,10,6,4,3,1,2,9,8,3,2,3,3,7,2,3,9,7,12,13,11,11,8,10,14,6,8,1,10,11,8,12,13,15,14,1,13,7,20,13,15,14,7,13,10,1,10,14,7,13,15,13,13,8,1,1,1,1,1,1,1,GK ,0,20,1,1,1,1,1,1,1,1,1,1,1,1,1,1,0,0,0,0,0,0,0,0,0,0,0,0,0,0,0,0,0,0,0,0,0,0,0,0,0,0,0,0,0,0,0,0,0,0,0,0,0,0,0,0,0,0,0,0,0,0,0,0,0,Abdoulaye Keita,£270Th. ,30,188,Goalkeeper,right,Without Club,nan,nan,nan,nan,1,1,0,13,0,0,0,0,nan,nan,nan,nan,nan,nan,nan,nan,nan,nan,nan,nan,nan,nan,nan,nan,nan,nan,nan,nan,nan,nan,nan,nan,Ligue 1,nan,nan,nan,nan,nan,nan,nan,nan
19/6/2011,Wojciech Szczesny,28009478,787,4/18/1990,21,4,0,7,0,5000,6750,7000,156,140,20428192,195,75,GK ,16,15,12,4,15,9,15,15,16,7,9,6,1,3,1,9,10,7,1,1,1,6,3,2,9,15,11,16,12,13,9,12,16,3,6,4,13,13,13,10,16,12,18,6,12,13,20,10,14,13,5,10,8,10,17,19,15,19,14,10,12,18,1,1,1,1,1,1,1,GK ,0,20,1,1,1,1,1,1,1,1,1,1,1,1,1,1,0,0,0,0,0,0,0,0,0,0,0,0,0,0,0,0,0,0,0,0,0,0,0,0,0,0,0,0,0,0,0,0,0,0,0,0,0,0,0,0,0,0,0,0,0,0,0,0,0,Wojciech Szczesny,£12.60m ,30,196,Goalkeeper,right,Juventus FC,25,26,10,2179,48,57,18,4320,35,40,12,3180,46,46,22,4088,29,31,9,2580,42,54,9,3739,39,41,14,3510,21,10,14,1800,41,32,18,3690,Premier League,37,42,13,3312,4,3,2,360
19/6/2011,Vlado Giljen,5790256,62002127,12/7/1989,21,0,0,10,0,2250,5750,5000,123,108,138918,188,85,GK ,11,10,11,4,10,10,13,13,8,8,11,8,11,11,3,12,8,10,1,12,2,1,12,11,14,15,12,13,12,12,12,12,12,12,12,13,11,12,12,10,10,12,11,8,14,10,20,11,10,15,7,11,9,9,14,15,13,14,11,13,13,5,1,1,1,1,1,1,1,GK ,0,20,1,1,1,1,1,1,1,1,1,1,1,1,1,1,0,0,0,0,0,0,0,0,0,0,0,0,0,0,0,0,0,0,0,0,0,0,0,0,0,0,0,0,0,0,0,0,0,0,0,0,0,0,0,0,0,0,0,0,0,0,0,0,0,Vladan Giljen,£180Th. ,31,188,Goalkeeper,nan,FK Sutjeska Niksic,0,0,0,0,18,21,6,1627,10,16,1,900,12,14,3,1110,2,6,0,103,2,6,0,125,38,26,19,3450,39,22,24,3454,38,25,17,3385,Liga NOS,27,36,7,2460,11,11,4,990
19/6/2011,Sergio Asenjo,67006488,796,6/28/1989,21,0,0,10,0,4900,6850,6850,160,138,13612225,184,85,GK ,13,15,12,7,12,15,14,16,13,7,11,6,1,1,2,4,10,2,2,3,3,2,2,1,4,10,15,13,6,12,5,11,13,15,10,6,13,12,12,13,16,13,13,5,12,14,20,16,14,13,8,14,14,10,11,15,13,15,17,15,18,9,1,1,1,1,1,1,1,GK ,0,20,1,1,1,1,1,1,1,1,1,1,1,1,1,1,0,0,0,0,0,0,0,0,0,0,0,0,0,0,0,0,0,0,0,0,0,0,0,0,0,0,0,0,0,0,0,0,0,0,0,0,0,0,0,0,0,0,0,0,0,0,0,0,0,Sergio Asenjo,£1.80m ,31,189,Goalkeeper,right,Villarreal CF,6,14,1,457,5,9,0,428,10,8,5,930,35,41,9,3150,48,49,20,4315,7,6,4,630,31,28,12,2735,26,34,7,2340,32,45,9,2880,LaLiga,34,41,11,3060,7,8,2,630
19/6/2011,Sebastian Mielitz,92002690,771,7/18/1989,21,0,0,0,0,2250,5250,5250,133,105,680724,188,73,GK ,14,12,9,14,10,10,14,14,4,13,13,3,1,1,2,3,7,1,1,1,2,2,1,1,5,8,9,11,14,10,1,14,12,2,4,1,11,1,7,14,13,13,13,8,14,12,20,6,5,10,8,3,6,10,12,14,10,8,12,14,14,7,1,1,1,1,1,1,1,GK ,0,20,1,1,1,1,1,1,1,1,1,1,1,1,1,1,0,0,0,0,0,0,0,0,0,0,0,0,0,0,0,0,0,0,0,0,0,0,0,0,0,0,0,0,0,0,0,0,0,0,0,0,0,0,0,0,0,0,0,0,0,0,0,0,0,Sebastian Mielitz,£900Th. ,31,190,Goalkeeper,right,FC Viktoria Köln,11,15,3,864,7,13,0,612,35,70,3,3180,14,26,4,1290,2,2,1,180,34,55,8,3047,2,5,0,180,38,48,12,3405,35,50,9,3180,Bundesliga,31,44,7,2820,7,11,3,630
19/6/2011,Rob Lainton,28011689,765,10/12/1989,21,0,0,0,0,2250,4250,4250,126,93,282490,185,79,GK ,11,12,12,6,12,10,12,10,10,9,11,3,3,2,2,5,4,4,1,2,2,4,2,1,3,8,9,8,10,9,10,10,10,4,5,8,11,10,8,11,10,11,13,10,11,11,20,12,12,9,3,6,3,10,9,18,6,5,13,14,10,6,1,1,1,1,1,1,1,GK ,0,20,1,1,1,1,1,1,1,1,1,1,1,1,1,1,0,0,0,0,0,0,0,0,0,0,0,0,0,0,0,0,0,0,0,0,0,0,0,0,0,0,0,0,0,0,0,0,0,0,0,0,0,0,0,0,0,0,0,0,0,0,0,0,0,Rob Lainton,- ,31,193,Goalkeeper,nan,Wrexham AFC,14,27,3,1260,5,11,0,423,11,17,1,990,20,40,12,1755,19,23,5,1694,12,11,4,1080,8,15,1,720,7,11,1,555,48,42,23,4350,Premier League,24,26,10,2160,5,7,1,450
19/6/2011,Ricardo Ferreira,55006866,788,12/3/1989,21,0,0,0,0,562,3959,1575,115,88,11552,188,76,GK ,10,5,11,11,13,13,12,15,3,8,9,4,1,3,3,5,6,4,2,1,3,2,1,3,5,6,7,11,9,13,3,12,6,3,12,3,13,3,3,10,10,10,13,9,17,13,20,6,5,10,5,10,13,10,13,4,2,12,6,11,14,18,1,1,1,1,1,1,1,GK ,0,20,1,1,1,1,1,1,1,1,1,1,1,1,1,1,0,0,0,0,0,0,0,0,0,0,0,0,0,0,0,0,0,0,0,0,0,0,0,0,0,0,0,0,0,0,0,0,0,0,0,0,0,0,0,0,0,0,0,0,0,0,0,0,0,Ricardo Ferreira,£45Th. ,27,190,Defender - Centre-Back,right,SC Farense,nan,nan,nan,nan,13,2,0,1036,5,0,0,363,9,0,0,649,15,0,0,1107,41,2,1,3266,14,1,0,1080,14,1,0,1190,1,0,0,37,Serie A,5,0,0,352,nan,nan,nan,nan
19/6/2011,Rafael Romo,86005935,1658,2/25/1990,21,3,0,18,0,2500,5750,5400,145,114,386609,197,85,GK ,11,10,8,9,11,13,16,16,17,15,8,3,1,1,2,11,6,9,3,3,2,12,2,1,12,13,12,13,11,12,6,11,17,5,11,3,12,8,9,11,17,8,16,6,14,9,20,8,10,13,13,13,6,10,16,16,11,16,12,10,10,8,1,1,1,1,1,1,1,GK ,0,20,1,1,1,1,1,1,1,1,1,1,1,1,1,1,0,0,0,0,0,0,0,0,0,0,0,0,0,0,0,0,0,0,0,0,0,0,0,0,0,0,0,0,0,0,0,0,0,0,0,0,0,0,0,0,0,0,0,0,0,0,0,0,0,Rafael Romo,£90Th. ,30,197,Goalkeeper,right,Oud-Heverlee Leuven,11,25,0,952,1,4,0,90,14,15,5,1260,nan,nan,nan,nan,5,10,0,450,0,0,0,0,34,30,15,3060,42,55,15,3775,12,8,6,1048,Serie A,26,39,4,2370,5,8,0,404
19/6/2011,Oliver Baumann,35017377,771,6/2/1990,21,0,0,5,0,4529,6290,6250,160,135,1471925,187,84,GK ,14,11,14,12,15,11,16,16,9,8,9,4,1,3,2,8,9,3,3,1,3,2,3,1,7,10,11,11,9,13,13,12,6,3,12,3,12,13,11,12,13,13,12,10,13,11,20,10,11,16,10,12,4,10,5,1,15,13,13,5,14,11,1,1,1,1,1,1,1,GK ,0,20,1,1,1,1,1,1,1,1,1,1,1,1,1,1,0,0,0,0,0,0,0,0,0,0,0,0,0,0,0,0,0,0,0,0,0,0,0,0,0,0,0,0,0,0,0,0,0,0,0,0,0,0,0,0,0,0,0,0,0,0,0,0,0,Oliver Baumann,£4.50m ,30,187,Goalkeeper,right,TSG 1899 Hoffenheim,33,46,8,2970,34,60,9,3060,39,45,15,3540,42,69,7,3810,37,59,9,3319,34,52,6,3060,36,39,13,3270,41,63,10,3690,39,65,5,3510,Bundesliga,31,52,7,2820,6,8,1,570
19/6/2011,Neto,19030933,1651,7/19/1989,21,0,0,0,0,3750,7040,6400,158,128,2053735,191,83,GK ,14,13,13,6,14,8,14,14,14,13,10,7,3,1,1,10,10,5,1,2,1,9,1,2,8,7,12,12,11,13,12,12,13,1,8,2,13,11,12,13,15,13,13,7,14,12,20,12,13,8,5,10,6,10,8,13,15,13,13,14,14,6,1,1,1,1,1,1,1,GK ,0,20,1,1,1,1,1,1,1,1,1,1,1,1,1,1,0,0,0,0,0,0,0,0,0,0,0,0,0,0,0,0,0,0,0,0,0,0,0,0,0,0,0,0,0,0,0,0,0,0,0,0,0,0,0,0,0,0,0,0,0,0,0,0,0,Neto,£2.25m ,31,190,Goalkeeper,right,FC Barcelona,0,0,0,0,4,6,1,360,10,10,4,930,49,51,16,4410,38,46,13,3420,8,6,5,780,14,9,8,1214,33,33,10,2970,47,49,14,4230,Serie A,5,7,1,450,6,6,2,540
19/6/2011,Neil Etheridge,5006680,141,2/7/1990,21,22,0,0,0,1700,4400,3600,101,80,263863,191,94,GK ,11,12,11,7,13,10,12,13,12,6,8,4,1,2,3,7,8,7,1,2,1,6,2,2,5,12,9,8,8,9,5,11,10,2,7,10,10,5,5,5,10,11,10,10,9,3,20,8,10,8,1,9,3,10,11,8,9,10,15,14,7,10,1,1,1,1,1,1,1,GK ,0,20,1,1,1,1,1,1,1,1,1,1,1,1,1,1,0,0,0,0,0,0,0,0,0,0,0,0,0,0,0,0,0,0,0,0,0,0,0,0,0,0,0,0,0,0,0,0,0,0,0,0,0,0,0,0,0,0,0,0,0,0,0,0,0,Neil Etheridge,£450Th. ,30,188,Goalkeeper,right,Birmingham City,0,0,0,0,5,3,3,450,18,26,3,1598,7,9,1,630,6,16,0,570,50,58,16,4473,43,54,12,3900,47,40,19,4230,38,69,10,3420,Premier League,17,27,4,1526,6,4,2,540
19/6/2011,Marcelo Valverde,19037409,1651,11/21/1989,21,0,0,0,0,500,4750,4750,120,95,116868,185,75,GK ,10,10,10,3,12,11,11,11,10,12,11,1,2,2,2,5,6,2,1,1,3,2,2,1,10,7,9,10,9,10,3,10,12,1,7,2,12,11,7,12,12,11,10,8,13,11,20,7,11,9,8,1,6,10,10,12,12,10,12,13,12,8,1,1,1,1,1,1,1,GK ,0,20,1,1,1,1,1,1,1,1,1,1,1,1,1,1,0,0,0,0,0,0,0,0,0,0,0,0,0,0,0,0,0,0,0,0,0,0,0,0,0,0,0,0,0,0,0,0,0,0,0,0,0,0,0,0,0,0,0,0,0,0,0,0,0,Marcelo Valverde,£720Th. ,30,185,Goalkeeper,right,Without Club,nan,nan,nan,nan,19,31,4,1701,32,32,10,2823,nan,nan,nan,nan,nan,nan,nan,nan,nan,nan,nan,nan,nan,nan,nan,nan,nan,nan,nan,nan,25,30,9,2212,Liga NOS,nan,nan,nan,nan,nan,nan,nan,nan
19/6/2011,Jonas Mendes,55041557,23,11/20/1989,21,0,0,0,0,526,3599,2500,91,80,22655,191,80,GK ,14,12,4,6,11,11,14,9,4,11,10,5,2,2,3,4,7,2,2,3,1,2,2,3,6,8,8,10,13,14,3,8,8,2,12,2,11,1,3,14,10,6,15,18,15,10,20,3,6,10,17,10,7,10,11,9,12,12,12,9,8,6,1,1,1,1,1,1,1,GK ,0,20,1,1,1,1,1,1,1,1,1,1,1,1,1,1,0,0,0,0,0,0,0,0,0,0,0,0,0,0,0,0,0,0,0,0,0,0,0,0,0,0,0,0,0,0,0,0,0,0,0,0,0,0,0,0,0,0,0,0,0,0,0,0,0,Jonas Mendes,£450Th. ,30,191,Goalkeeper,right,Black Leopards FC,nan,nan,nan,nan,3,6,0,224,1,2,0,90,6,7,2,475,nan,nan,nan,nan,1,2,0,90,nan,nan,nan,nan,5,3,3,480,23,39,7,2100,Liga NOS,23,28,7,1929,1,2,0,90
19/6/2011,Johannes Focher,35011181,771,1/20/1990,21,0,0,0,0,2000,4500,4500,108,90,79713,199,94,GK ,11,9,11,8,11,14,12,13,10,12,11,3,2,2,3,5,5,6,3,2,2,6,1,2,6,6,10,11,11,6,2,14,9,3,4,1,13,1,6,4,10,11,18,5,13,8,20,11,15,10,15,10,8,10,7,2,20,4,14,15,14,5,1,1,1,1,1,1,1,GK ,0,20,1,1,1,1,1,1,1,1,1,1,1,1,1,1,0,0,0,0,0,0,0,0,0,0,0,0,0,0,0,0,0,0,0,0,0,0,0,0,0,0,0,0,0,0,0,0,0,0,0,0,0,0,0,0,0,0,0,0,0,0,0,0,0,Johannes Focher,£135Th. ,30,197,Goalkeeper,both,RSV Meinerzhagen,29,43,4,2610,18,20,6,1575,24,34,4,2160,4,8,1,352,nan,nan,nan,nan,nan,nan,nan,nan,7,14,1,585,16,27,4,1440,3,2,1,270,Bundesliga,24,17,12,2160,8,16,3,750
19/6/2011,Joel Robles,67037306,796,6/17/1990,21,0,0,0,0,3750,5800,5800,145,116,1134369,195,85,GK ,15,13,13,6,15,11,12,12,8,10,13,13,1,3,1,5,17,2,2,1,2,2,2,2,3,5,7,11,6,12,8,11,6,1,10,2,12,8,7,9,12,16,15,5,10,7,20,10,14,14,12,12,4,10,8,2,9,7,11,15,8,7,1,1,1,1,1,1,1,GK ,0,20,1,1,1,1,1,1,1,1,1,1,1,1,1,1,0,0,0,0,0,0,0,0,0,0,0,0,0,0,0,0,0,0,0,0,0,0,0,0,0,0,0,0,0,0,0,0,0,0,0,0,0,0,0,0,0,0,0,0,0,0,0,0,0,Joel Robles,£1.80m ,30,197,Goalkeeper,right,Real Betis Balompié,2,1,1,180,16,57,8,1440,13,17,4,1170,8,10,2,726,11,12,4,974,25,32,8,2310,22,23,10,1916,4,7,1,360,19,18,8,1740,LaLiga,34,48,7,3008,3,6,1,270
19/6/2011,Fabian Giefer,29022522,771,5/17/1990,21,0,0,0,0,3000,6100,6100,145,122,488899,196,93,GK ,13,13,10,6,12,14,12,14,12,10,9,5,2,3,1,8,8,6,1,1,2,7,3,1,7,8,12,13,9,12,6,11,12,4,6,1,14,13,12,10,12,16,18,8,12,9,20,13,18,12,3,10,4,10,8,12,14,13,13,14,16,3,1,1,1,1,1,1,1,GK ,0,20,1,1,1,1,1,1,1,1,1,1,1,1,1,1,0,0,0,0,0,0,0,0,0,0,0,0,0,0,0,0,0,0,0,0,0,0,0,0,0,0,0,0,0,0,0,0,0,0,0,0,0,0,0,0,0,0,0,0,0,0,0,0,0,Fabian Giefer,£450Th. ,30,196,Goalkeeper,right,Würzburger Kickers,14,23,3,1260,11,11,4,990,37,59,10,3350,31,39,9,2735,2,0,2,135,0,0,0,0,12,19,2,1080,3,5,0,270,4,7,0,360,Bundesliga,2,2,0,210,6,14,0,540
19/6/2011,Diego Mariño,67066947,796,5/9/1990,21,0,0,2,0,3600,5600,5600,148,112,435482,185,75,GK ,11,10,9,4,13,11,12,15,10,7,13,2,2,1,1,8,6,6,1,2,2,10,3,1,9,8,11,12,10,12,5,9,10,6,8,2,16,11,11,9,14,10,12,11,13,11,20,12,10,13,6,14,6,10,10,9,15,14,13,8,10,7,1,1,1,1,1,1,1,GK ,0,20,1,1,1,1,1,1,1,1,1,1,1,1,1,1,0,0,0,0,0,0,0,0,0,0,0,0,0,0,0,0,0,0,0,0,0,0,0,0,0,0,0,0,0,0,0,0,0,0,0,0,0,0,0,0,0,0,0,0,0,0,0,0,0,Diego Mariño,£900Th. ,30,187,Goalkeeper,right,Sporting Gijón,38,54,11,3375,35,53,11,3150,10,10,3,900,28,48,8,2520,32,55,5,2880,25,46,3,2250,4,8,0,340,43,42,19,3870,38,32,15,3397,LaLiga,42,38,16,3780,8,4,4,720
19/6/2011,Daniel Schwabke,35014362,771,7/19/1989,21,0,0,0,0,1000,4450,4450,112,94,131658,188,78,GK ,12,8,11,9,12,11,13,15,7,13,9,3,1,2,1,5,5,8,2,3,3,6,2,1,4,8,10,10,11,12,3,8,9,1,8,1,10,3,4,12,9,10,16,20,14,12,5,6,9,10,7,10,12,10,7,11,10,15,7,7,9,5,1,1,1,1,1,1,1,GK ,0,20,1,1,1,1,1,1,1,1,1,1,1,1,1,1,0,0,0,0,0,0,0,0,0,0,0,0,0,0,0,0,0,0,0,0,0,0,0,0,0,0,0,0,0,0,0,0,0,0,0,0,0,0,0,0,0,0,0,0,0,0,0,0,0,Daniel Schwabke,£135Th. ,31,192,Goalkeeper,right,SF Baumberg,17,16,7,1530,19,26,4,1710,14,23,3,1260,26,36,6,2325,4,5,1,390,22,22,10,1888,31,57,5,2820,31,50,6,2808,28,48,6,2475,Bundesliga,14,27,2,1260,7,13,2,630
19/6/2011,Dani Jiménez,67131764,796,3/5/1990,21,0,0,0,0,1750,4250,4250,131,90,97519,179,72,GK ,13,13,9,9,13,13,13,12,10,6,9,5,3,1,2,5,7,1,2,2,2,2,3,1,3,7,9,12,9,7,1,11,8,1,2,1,10,1,2,11,17,14,10,9,14,13,20,3,3,10,11,10,9,10,10,12,5,11,9,8,6,8,1,1,1,1,1,1,1,GK ,0,20,1,1,1,1,1,1,1,1,1,1,1,1,1,1,0,0,0,0,0,0,0,0,0,0,0,0,0,0,0,0,0,0,0,0,0,0,0,0,0,0,0,0,0,0,0,0,0,0,0,0,0,0,0,0,0,0,0,0,0,0,0,0,0,Dani Jiménez,£180Th. ,30,179,Goalkeeper,right,AD Alcorcón,10,12,4,900,18,26,4,1523,1,1,0,90,22,28,4,1923,49,50,22,4500,5,9,1,450,9,7,3,783,5,8,3,435,30,29,14,2681,LaLiga,34,43,7,3020,5,5,2,450
19/6/2011,Tomeu Nadal,67018559,796,2/8/1989,22,0,0,0,0,2350,4650,4650,125,93,271652,190,77,GK ,13,11,12,8,13,9,9,11,8,13,9,2,1,1,2,3,6,2,3,1,2,2,3,2,6,4,12,12,10,12,1,12,7,3,15,3,13,1,2,6,10,10,14,8,9,4,20,6,7,10,13,2,8,10,10,14,11,13,6,12,9,9,1,1,1,1,1,1,1,GK ,0,20,1,1,1,1,1,1,1,1,1,1,1,1,1,1,0,0,0,0,0,0,0,0,0,0,0,0,0,0,0,0,0,0,0,0,0,0,0,0,0,0,0,0,0,0,0,0,0,0,0,0,0,0,0,0,0,0,0,0,0,0,0,0,0,Tomeu Nadal,- ,31,188,Goalkeeper,right,Albacete Balompié,21,23,4,1890,30,47,4,2700,9,10,3,693,15,13,5,1407,7,12,1,660,2,4,0,210,43,39,19,3900,40,40,13,3600,41,35,15,3690,LaLiga,37,41,12,3330,7,8,2,630
19/6/2011,Tomás Mejías,67014134,796,1/30/1989,22,0,0,0,0,3400,4900,4900,123,98,0,194,81,GK ,12,9,10,10,11,11,7,13,9,7,13,5,2,1,3,3,8,1,2,2,3,1,1,2,3,11,7,10,11,11,1,12,8,3,14,1,13,1,2,13,13,13,16,9,17,13,20,4,14,10,5,9,12,10,11,11,14,12,14,15,6,11,1,1,1,1,1,1,1,GK ,0,20,1,1,1,1,1,1,1,1,1,1,1,1,1,1,0,0,0,0,0,0,0,0,0,0,0,0,0,0,0,0,0,0,0,0,0,0,0,0,0,0,0,0,0,0,0,0,0,0,0,0,0,0,0,0,0,0,0,0,0,0,0,0,0,Tomás Mejías, ,31,195,Goalkeeper,right,Dinamo Bucharest,14,15,5,1176,19,16,9,1710,26,37,6,2318,1,1,0,90,10,10,3,855,6,6,2,600,2,2,0,180,1,4,0,90,28,41,6,2474,LaLiga,2,3,0,180,3,5,0,270
19/6/2011,Thomas Kraft,35007943,771,7/22/1988,22,0,0,0,0,5150,6700,6700,144,130,1651156,185,83,GK ,10,12,12,6,14,14,15,18,10,13,13,7,3,2,3,8,9,2,1,3,1,8,1,3,7,9,14,11,14,9,6,12,12,9,4,5,11,12,12,11,18,13,13,9,14,11,20,11,10,9,13,10,14,10,7,17,7,11,11,10,11,11,1,1,1,1,1,1,1,GK ,0,20,1,1,1,1,1,1,1,1,1,1,1,1,1,1,0,0,0,0,0,0,0,0,0,0,0,0,0,0,0,0,0,0,0,0,0,0,0,0,0,0,0,0,0,0,0,0,0,0,0,0,0,0,0,0,0,0,0,0,0,0,0,0,0,Thomas Kraft,£1.80m ,32,187,Goalkeeper,right,Retired,25,28,10,2205,38,67,5,3353,28,18,14,2520,34,50,8,3090,34,49,11,3084,7,7,3,585,1,3,0,90,8,6,4,720,5,9,2,434,Bundesliga,6,14,0,570,nan,nan,nan,nan
19/6/2011,Sven Ulreich,35008097,771,8/3/1988,22,0,0,3,0,4500,6600,6600,145,132,3430758,192,84,GK ,10,10,13,3,11,12,17,18,8,13,15,5,2,2,2,6,10,5,1,3,2,9,1,1,6,12,13,14,14,11,8,12,10,1,6,2,12,14,13,13,13,15,16,7,9,10,20,12,14,12,3,12,5,10,10,12,15,12,13,10,7,5,1,1,1,1,1,1,1,GK ,0,20,1,1,1,1,1,1,1,1,1,1,1,1,1,1,0,0,0,0,0,0,0,0,0,0,0,0,0,0,0,0,0,0,0,0,0,0,0,0,0,0,0,0,0,0,0,0,0,0,0,0,0,0,0,0,0,0,0,0,0,0,0,0,0,Sven Ulreich,£5.40m ,32,192,Goalkeeper,right,Hamburger SV,48,78,11,4298,38,50,9,3420,52,73,15,4680,36,63,6,3240,29,46,5,2610,3,2,1,279,7,10,2,660,47,47,17,4290,12,17,2,1057,Bundesliga,1,1,0,90,3,1,2,270
19/6/2011,Sergio Garabato,67067061,796,5/16/1989,22,0,0,0,0,2026,4277,4277,112,85,32472,187,97,GK ,13,12,10,11,12,8,10,10,9,7,7,6,1,2,3,4,10,3,3,1,2,9,1,1,9,7,10,12,6,11,3,9,12,2,2,3,10,1,7,7,10,13,12,8,12,8,20,9,15,10,5,10,6,10,12,14,12,13,11,10,11,2,1,1,1,1,1,1,1,GK ,0,20,1,1,1,1,1,1,1,1,1,1,1,1,1,1,0,0,0,0,0,0,0,0,0,0,0,0,0,0,0,0,0,0,0,0,0,0,0,0,0,0,0,0,0,0,0,0,0,0,0,0,0,0,0,0,0,0,0,0,0,0,0,0,0,Sergio Garabato, ,31,187,Goalkeeper,nan,Retired,0,0,0,0,0,0,0,0,38,44,8,3419,nan,nan,nan,nan,18,47,6,1603,nan,nan,nan,nan,nan,nan,nan,nan,nan,nan,nan,nan,nan,nan,nan,nan,LaLiga,nan,nan,nan,nan,nan,nan,nan,nan
19/6/2011,Samir Ujkani,18003625,752,7/5/1988,22,8,0,7,0,1153,5984,6350,151,133,175839,186,88,GK ,13,9,13,12,12,11,15,15,5,2,10,1,1,1,1,1,1,10,1,1,1,10,1,1,8,2,12,9,10,18,1,10,15,9,12,1,15,12,12,12,13,13,13,12,11,12,20,15,12,12,9,11,1,10,14,15,12,12,15,12,12,1,1,1,1,1,1,1,1,GK ,0,20,1,1,1,1,1,1,1,1,1,1,1,1,1,1,0,0,0,0,0,0,0,0,0,0,0,0,0,0,0,0,0,0,0,0,0,0,0,0,0,0,0,0,0,0,0,0,0,0,0,0,0,0,0,0,0,0,0,0,0,0,0,0,0,Samir Ujkani,£3.15m ,32,186,Goalkeeper,right,Torino FC,40,31,14,3585,26,39,8,2244,21,62,6,1846,11,8,4,924,4,7,1,360,21,23,7,1890,38,30,14,3451,39,41,10,3510,5,7,1,404,Serie A,1,3,0,90,0,0,0,0
19/6/2011,Rubén Miño,67018886,796,1/18/1989,22,0,0,1,0,3269,5784,5784,130,116,714260,191,87,GK ,11,12,12,5,13,12,14,15,14,8,11,4,1,3,1,4,6,6,1,2,2,8,2,2,6,7,12,13,12,10,9,11,9,3,7,3,11,12,11,10,14,13,15,6,12,12,20,13,11,11,3,10,9,10,6,20,13,14,19,3,7,12,1,1,1,1,1,1,1,GK ,0,20,1,1,1,1,1,1,1,1,1,1,1,1,1,1,0,0,0,0,0,0,0,0,0,0,0,0,0,0,0,0,0,0,0,0,0,0,0,0,0,0,0,0,0,0,0,0,0,0,0,0,0,0,0,0,0,0,0,0,0,0,0,0,0,Rubén Miño,£810Th. ,31,191,Goalkeeper,right,UD Logroñés,16,24,3,1440,10,14,3,900,1,2,0,28,36,49,11,3233,6,14,1,540,15,17,4,1330,27,20,14,2351,0,0,0,0,10,11,3,900,LaLiga,28,20,13,2550,4,4,1,360
19/6/2011,Ron-Robert Zieler,5127684,771,2/12/1989,22,0,0,0,0,5500,7300,7300,167,145,3476658,188,83,GK ,16,18,8,5,15,11,14,13,18,10,11,5,1,2,2,12,7,8,1,2,1,9,1,3,12,6,16,12,17,16,7,12,12,3,8,2,15,17,14,15,10,12,16,15,11,10,20,12,13,15,5,13,8,1,12,14,13,17,14,16,19,4,1,1,1,1,1,1,1,GK ,0,20,1,1,1,1,1,1,1,1,1,1,1,1,1,1,0,0,0,0,0,0,0,0,0,0,0,0,0,0,0,0,0,0,0,0,0,0,0,0,0,0,0,0,0,0,0,0,0,0,0,0,0,0,0,0,0,0,0,0,0,0,0,0,0,Ron-Robert Zieler,£7.20m ,31,188,Goalkeeper,right,1. FC Köln,30,26,9,2662,49,61,11,4440,49,85,11,4440,36,63,7,3240,36,59,7,3240,36,64,6,3240,13,23,1,1173,37,42,12,3360,37,74,7,3330,Bundesliga,32,47,7,2880,0,0,0,0
19/6/2011,Ralf Fährmann,35016396,771,9/27/1988,22,0,0,1,0,4550,6300,6800,139,126,3325178,194,89,GK ,14,13,9,6,13,12,16,15,12,10,13,6,1,1,3,10,10,3,2,3,3,10,3,1,11,9,11,13,10,12,8,12,11,5,5,2,12,9,12,10,12,12,15,6,16,12,20,10,16,11,8,11,8,10,5,11,9,11,11,10,10,9,1,1,1,1,1,1,1,GK ,0,20,1,1,1,1,1,1,1,1,1,1,1,1,1,1,0,0,0,0,0,0,0,0,0,0,0,0,0,0,0,0,0,0,0,0,0,0,0,0,0,0,0,0,0,0,0,0,0,0,0,0,0,0,0,0,0,0,0,0,0,0,0,0,0,Ralf Fährmann,£1.35m ,32,197,Goalkeeper,right,FC Schalke 04,16,22,3,1424,14,17,4,1228,2,7,0,180,29,35,13,2610,32,46,9,2880,43,55,14,3870,49,56,13,4440,39,39,16,3465,25,41,6,2189,Bundesliga,3,3,0,202,3,14,0,225
19/6/2011,Pablo Alcolea,67063854,796,3/26/1989,22,0,0,0,0,1650,3650,3650,101,73,52202,184,78,GK ,8,9,7,4,12,8,10,13,12,7,9,5,2,1,2,5,7,2,1,1,2,6,1,3,5,6,7,9,8,10,4,8,10,4,5,2,9,8,8,8,13,8,10,5,13,9,20,11,10,13,4,11,12,10,8,7,13,5,6,8,6,18,1,1,1,1,1,1,1,GK ,0,20,1,1,1,1,1,1,1,1,1,1,1,1,1,1,0,0,0,0,0,0,0,0,0,0,0,0,0,0,0,0,0,0,0,0,0,0,0,0,0,0,0,0,0,0,0,0,0,0,0,0,0,0,0,0,0,0,0,0,0,0,0,0,0,Pablo Alcolea, ,31,184,Goalkeeper,right,Without Club,0,0,0,0,28,35,10,2418,36,50,8,3162,1,1,0,90,9,10,2,738,0,0,0,0,37,31,18,3323,32,41,8,2875,9,18,3,810,LaLiga,0,0,0,0,nan,nan,nan,nan
19/6/2011,Nicola Ravaglia,43002866,776,12/12/1988,22,0,0,0,0,1250,5174,4850,137,115,246332,184,75,GK ,12,12,13,14,13,10,11,15,12,10,9,6,1,2,3,9,8,8,2,3,2,9,3,1,8,9,12,9,9,13,7,12,12,1,12,1,13,7,8,9,12,10,12,5,14,8,20,9,11,13,6,12,4,10,10,18,15,8,18,14,7,3,1,1,1,1,1,1,1,GK ,0,20,1,1,1,1,1,1,1,1,1,1,1,1,1,1,0,0,0,0,0,0,0,0,0,0,0,0,0,0,0,0,0,0,0,0,0,0,0,0,0,0,0,0,0,0,0,0,0,0,0,0,0,0,0,0,0,0,0,0,0,0,0,0,0,Nicola Ravaglia,£360Th. ,31,184,Goalkeeper,right,UC Sampdoria,34,38,9,3060,10,13,3,882,12,28,1,1050,23,21,7,2070,37,35,15,3358,35,33,13,3180,41,49,14,3720,5,8,0,450,16,15,9,1394,Serie A,26,30,10,2301,0,0,0,0
19/6/2011,Mohamed Amsif,35017348,771,2/7/1989,22,0,0,0,0,2250,4750,4750,115,95,84747,187,90,GK ,13,12,9,10,13,8,12,13,9,13,11,4,3,1,2,3,9,1,1,2,1,1,1,2,2,6,5,13,8,13,2,9,8,2,8,3,8,2,3,7,8,9,14,16,10,9,20,6,7,10,14,7,13,10,6,14,11,11,18,12,13,5,1,1,1,1,1,1,1,GK ,0,20,1,1,1,1,1,1,1,1,1,1,1,1,1,1,0,0,0,0,0,0,0,0,0,0,0,0,0,0,0,0,0,0,0,0,0,0,0,0,0,0,0,0,0,0,0,0,0,0,0,0,0,0,0,0,0,0,0,0,0,0,0,0,0,Mohamed Amsif,£720Th. ,31,187,Goalkeeper,both,FUS Rabat,2,1,1,111,8,10,3,750,18,23,5,1620,3,5,1,270,7,9,1,585,0,0,0,0,19,18,8,1710,18,20,6,1601,7,10,1,630,Bundesliga,21,19,6,1890,nan,nan,nan,nan
19/6/2011,Mitchell Langerak,15004041,1435,8/22/1988,22,0,0,5,0,3250,6000,6100,140,119,1046472,192,81,GK ,15,12,11,6,13,11,13,17,10,10,11,5,2,3,1,7,7,6,2,3,2,7,1,1,8,14,12,11,9,9,5,12,13,2,4,3,11,12,12,7,15,12,15,5,11,10,20,13,13,11,5,10,4,10,8,12,8,9,10,10,12,6,1,1,1,1,1,1,1,GK ,0,20,1,1,1,1,1,1,1,1,1,1,1,1,1,1,0,0,0,0,0,0,0,0,0,0,0,0,0,0,0,0,0,0,0,0,0,0,0,0,0,0,0,0,0,0,0,0,0,0,0,0,0,0,0,0,0,0,0,0,0,0,0,0,0,Mitchell Langerak,£720Th. ,32,193,Goalkeeper,right,Nagoya Grampus,4,2,2,360,9,6,4,836,6,11,0,540,9,6,5,795,17,18,6,1590,4,12,0,360,36,39,10,3240,36,61,7,3270,35,52,8,3067,Bundesliga,29,30,12,2610,nan,nan,nan,nan
19/6/2011,Miro Varvodic,662889,761,5/15/1989,22,0,0,0,0,2500,4859,5400,124,108,352569,191,84,GK ,12,9,8,15,15,10,13,15,8,5,12,8,2,2,3,6,10,8,1,1,2,4,3,3,3,10,11,12,8,8,9,8,7,2,7,1,11,13,10,14,15,12,15,6,12,14,20,8,13,8,4,10,8,10,9,11,11,8,10,7,13,7,1,1,1,1,1,1,1,GK ,0,20,1,1,1,1,1,1,1,1,1,1,1,1,1,1,0,0,0,0,0,0,0,0,0,0,0,0,0,0,0,0,0,0,0,0,0,0,0,0,0,0,0,0,0,0,0,0,0,0,0,0,0,0,0,0,0,0,0,0,0,0,0,0,0,Miro Varvodic,£180Th. ,31,191,Goalkeeper,right,Without Club,6,13,1,540,3,4,1,270,14,15,7,1260,10,9,4,930,3,3,0,270,nan,nan,nan,nan,5,10,0,450,11,15,2,1020,3,2,2,270,Bundesliga,6,7,3,481,nan,nan,nan,nan
19/6/2011,Jordan Fernand,85042901,769,6/16/1989,22,0,0,0,0,1100,2200,2200,110,88,6992,180,76,GK ,13,11,9,8,12,6,11,11,9,7,12,4,2,2,1,6,9,5,3,2,3,5,11,3,6,8,11,12,9,12,4,11,14,1,7,3,9,6,12,12,11,13,10,1,13,14,20,10,13,13,6,3,17,1,5,13,16,14,15,14,14,5,1,1,1,1,1,1,1,GK ,0,20,1,1,1,1,1,1,1,1,1,1,1,1,1,1,0,0,0,0,0,0,0,0,0,0,0,0,0,0,0,0,0,0,0,0,0,0,0,0,0,0,0,0,0,0,0,0,0,0,0,0,0,0,0,0,0,0,0,0,0,0,0,0,0,Jordan Ferri, ,28,172,Midfielder - Central Midfield,right,Montpellier HSC,nan,nan,nan,nan,0,0,0,0,10,0,0,328,42,4,0,2868,42,2,6,3134,44,3,5,3014,36,3,4,1572,34,0,4,1324,32,2,1,2268,Ligue 1,19,0,0,1349,8,0,0,484
19/6/2011,Ismael,67011169,796,1/23/1989,22,0,0,0,0,1300,2800,2800,80,61,10747,182,76,GK ,9,8,7,4,10,10,13,11,7,16,6,3,1,1,1,5,6,1,3,3,2,3,1,2,9,10,4,8,4,9,5,9,10,13,5,10,11,6,10,10,11,10,13,4,4,11,20,5,7,13,5,14,5,9,5,7,13,13,12,18,7,12,1,1,1,1,1,1,1,GK ,0,20,1,1,1,1,1,1,1,1,1,1,1,1,1,1,0,0,0,0,0,0,0,0,0,0,0,0,0,0,0,0,0,0,0,0,0,0,0,0,0,0,0,0,0,0,0,0,0,0,0,0,0,0,0,0,0,0,0,0,0,0,0,0,0,Isma,£900Th. ,29,184,Forward - Centre-Forward,right,Chennaiyin FC,1,0,0,29,19,3,3,867,24,8,2,1743,31,7,0,2068,36,13,1,2247,16,2,0,804,36,16,3,3029,56,23,2,4237,21,3,2,987,Ligue 1,6,0,0,96,nan,nan,nan,nan
19/6/2011,David Ospina,8835677,1653,8/31/1988,22,15,0,12,0,5850,7200,6500,165,144,2594236,183,79,GK ,15,14,14,11,13,14,14,17,12,11,9,7,2,1,2,10,9,3,3,1,1,8,1,2,10,10,13,14,14,14,8,13,14,7,11,2,11,12,9,13,15,14,12,1,15,11,20,13,14,15,10,15,7,1,14,16,12,17,15,15,15,6,1,1,1,1,1,1,1,GK ,0,20,1,5,1,1,1,1,1,1,1,1,1,1,1,1,0,0,0,0,0,0,0,0,0,0,0,0,0,0,0,0,0,0,0,0,0,0,0,0,0,0,0,0,0,0,0,0,0,0,0,0,0,0,0,0,0,0,0,0,0,0,0,0,0,David Ospina,£5.85m ,32,183,Goalkeeper,right,SSC Napoli,36,48,11,3180,38,45,11,3383,28,29,11,2477,32,27,15,2871,23,17,10,2038,12,17,4,1080,14,22,4,1222,21,20,9,1820,24,25,8,2087,Ligue 1,23,22,8,2010,2,1,1,180
19/6/2011,Vito Mannone,5131045,776,3/2/1988,23,0,0,5,0,3000,6000,5750,139,115,613742,191,74,GK ,12,13,12,12,13,16,11,13,12,14,13,5,3,3,3,7,8,3,2,2,2,1,3,1,8,13,10,14,9,8,12,10,14,5,10,5,10,12,12,10,10,10,14,4,13,10,20,11,15,12,5,10,8,10,15,11,13,8,11,11,9,5,1,1,1,1,1,1,1,GK ,0,20,1,1,1,1,1,1,1,1,1,1,1,1,1,1,0,0,0,0,0,0,0,0,0,0,0,0,0,0,0,0,0,0,0,0,0,0,0,0,0,0,0,0,0,0,0,0,0,0,0,0,0,0,0,0,0,0,0,0,0,0,0,0,0,Vito Mannone,£675Th. ,32,188,Goalkeeper,right,AS Monaco,11,9,6,945,29,28,11,2516,14,17,3,1260,36,49,12,3257,14,25,3,1260,22,29,4,1980,13,23,3,1200,41,59,8,3690,46,61,11,4140,Premier League,13,27,1,1170,0,0,0,0
19/6/2011,Tobias Sippel,35006814,771,3/22/1988,23,0,0,8,0,2000,6500,6500,145,130,403035,180,79,GK ,8,11,14,11,15,17,16,16,9,12,8,6,1,1,3,7,10,6,2,1,3,7,2,1,7,8,11,10,11,13,11,10,14,8,11,2,14,14,12,12,14,12,9,3,14,12,20,10,14,14,2,13,8,10,11,14,15,13,13,14,10,11,1,1,1,1,1,1,1,GK ,0,20,1,1,1,1,1,1,1,1,1,1,1,1,1,1,0,0,0,0,0,0,0,0,0,0,0,0,0,0,0,0,0,0,0,0,0,0,0,0,0,0,0,0,0,0,0,0,0,0,0,0,0,0,0,0,0,0,0,0,0,0,0,0,0,Tobias Sippel,£1.35m ,32,180,Goalkeeper,right,Borussia Mönchengladbach,30,49,6,2730,11,22,2,990,38,43,10,3420,37,41,12,3360,30,22,15,2690,2,0,2,180,1,0,1,120,5,10,1,433,1,1,0,90,Bundesliga,0,0,0,0,1,0,1,90
19/6/2011,Tim Krul,859596,784,4/3/1988,23,2,0,3,0,2750,6550,6550,155,135,2292552,188,74,GK ,14,13,11,13,12,13,17,16,15,13,13,3,1,3,2,11,8,5,3,2,3,8,8,2,8,11,12,15,8,13,8,12,15,2,8,2,13,10,12,13,15,12,14,20,12,8,7,15,10,14,7,15,8,10,16,15,10,12,12,10,8,3,1,1,1,1,1,1,1,GK ,0,20,1,1,1,1,1,1,1,1,1,1,1,1,1,1,17180065792,0,0,0,0,0,0,0,0,0,0,0,0,0,0,0,0,1,1,0,0,0,0,0,0,0,0,0,0,0,0,0,0,0,0,1,0,0,0,0,0,0,0,0,0,0,0,0,0,Tim Krul,£7.65m ,32,193,Goalkeeper,left,Norwich City,31,59,4,2755,42,58,15,3870,31,47,7,2757,38,53,11,3450,31,47,9,2790,9,18,1,810,28,48,6,2580,8,10,2,705,46,57,13,4140,Premier League,38,71,5,3480,7,6,2,630
19/6/2011,Thomas Bosmel,85012161,769,4/18/1988,23,0,0,0,0,2850,4250,4250,115,95,64444,184,70,GK ,11,13,12,5,12,10,12,13,10,12,10,6,3,3,1,4,10,1,3,3,1,8,1,2,7,4,10,12,10,7,8,14,7,5,12,1,9,2,1,8,12,13,12,5,11,7,20,3,9,10,9,10,15,10,5,6,14,14,14,17,12,20,1,1,1,1,1,1,1,GK ,0,20,1,1,1,1,1,1,1,1,1,1,1,1,1,1,0,0,0,0,0,0,0,0,0,0,0,0,0,0,0,0,0,0,0,0,0,0,0,0,0,0,0,0,0,0,0,0,0,0,0,0,0,0,0,0,0,0,0,0,0,0,0,0,0,Thomas Bosmel,£270Th. ,32,184,Goalkeeper,right,USON Mondeville,3,5,1,270,3,6,0,300,4,5,1,314,3,4,1,300,9,14,2,728,nan,nan,nan,nan,nan,nan,nan,nan,nan,nan,nan,nan,nan,nan,nan,nan,Ligue 1,nan,nan,nan,nan,nan,nan,nan,nan
19/6/2011,Simon Pontdemé,34001205,769,5/4/1988,23,0,0,0,0,2300,3650,3650,135,109,102764,186,81,GK ,14,11,11,7,12,10,13,13,13,7,8,2,2,2,1,7,5,3,2,1,2,7,2,1,7,7,12,13,12,12,9,12,14,5,11,2,10,11,7,10,12,14,13,5,14,9,20,12,14,13,7,13,9,1,9,13,14,12,15,15,15,5,1,1,1,1,1,1,1,GK ,0,20,1,1,1,1,1,1,1,1,1,1,1,1,1,1,0,0,0,0,0,0,0,0,0,0,0,0,0,0,0,0,0,0,0,0,0,0,0,0,0,0,0,0,0,0,0,0,0,0,0,0,0,0,0,0,0,0,0,0,0,0,0,0,0,Simon Pontdemé,£180Th. ,32,186,Goalkeeper,right,FC Chambly,0,0,0,0,0,0,0,0,3,3,1,270,4,10,0,390,nan,nan,nan,nan,36,43,8,3240,32,28,14,2871,26,25,9,2340,33,29,15,2928,Ligue 1,26,32,11,2340,5,9,1,363
19/6/2011,Simon Mignolet,8167246,757,3/6/1988,23,3,0,9,0,4750,7205,6400,156,131,3546045,193,88,GK ,13,13,9,7,16,15,17,15,14,10,11,8,2,3,1,11,10,8,1,3,1,14,1,3,12,12,12,8,13,10,10,12,9,3,10,3,12,12,13,12,12,12,16,6,14,12,20,12,12,13,4,10,11,10,17,10,7,14,12,7,13,4,1,1,1,1,1,1,1,GK ,0,20,1,1,1,1,1,1,1,1,1,1,1,1,1,1,0,0,0,0,0,0,0,0,0,0,0,0,0,0,0,0,0,0,0,0,0,0,0,0,0,0,0,0,0,0,0,0,0,0,0,0,0,0,0,0,0,0,0,0,0,0,0,0,0,Simon Mignolet,£4.95m ,32,193,Goalkeeper,right,Club Brugge KV,26,39,9,2340,35,38,13,3142,40,58,11,3600,40,53,10,3630,54,62,18,4934,55,59,20,5040,31,31,11,2790,22,30,7,1980,2,4,0,180,Premier League,44,39,20,3990,9,6,3,810
19/6/2011,Rui Patrício,55000929,788,2/15/1988,23,3,0,12,0,5544,7028,7000,164,141,3952569,188,84,GK ,13,13,13,5,14,14,14,17,11,13,14,3,2,3,3,10,7,2,2,12,2,11,1,2,9,12,10,12,15,14,2,11,14,1,10,1,14,10,15,10,15,16,16,20,15,14,5,14,15,12,14,13,9,10,12,12,16,12,16,16,16,4,1,1,1,1,1,1,1,GK ,0,20,1,1,1,1,1,1,1,1,1,1,1,1,1,1,0,0,0,0,0,0,0,0,0,0,0,0,0,0,0,0,0,0,0,0,0,0,0,0,0,0,0,0,0,0,0,0,0,0,0,0,0,0,0,0,0,0,0,0,0,0,0,0,0,Rui Patrício,£10.80m ,32,190,Goalkeeper,left,Wolverhampton Wanderers,43,41,17,3794,47,41,21,4230,39,52,9,3540,31,24,15,2820,45,48,13,4080,47,39,20,4156,38,42,14,3420,56,48,23,5100,37,46,8,3330,Liga NOS,53,54,19,4770,6,8,3,540
19/6/2011,Rouven Sattelmaier,35012323,771,8/7/1987,23,0,0,0,0,1250,4500,4500,124,100,71073,186,85,GK ,9,9,8,6,13,11,15,15,9,11,10,1,1,3,3,3,5,2,1,1,3,2,1,1,8,11,14,13,10,7,3,11,9,3,5,1,14,3,4,12,12,10,13,14,12,12,20,5,13,10,7,10,5,10,13,3,14,5,14,15,15,2,1,1,1,1,1,1,1,GK ,0,20,1,1,1,1,1,1,1,1,1,1,1,1,1,1,0,0,0,0,0,0,0,0,0,0,0,0,0,0,0,0,0,0,0,0,0,0,0,0,0,0,0,0,0,0,0,0,0,0,0,0,0,0,0,0,0,0,0,0,0,0,0,0,0,Rouven Sattelmaier,£180Th. ,33,187,Goalkeeper,right,Retired,11,22,2,990,16,26,2,1440,2,3,0,180,8,8,2,750,7,10,2,607,22,25,10,1868,8,7,4,717,14,27,1,1162,nan,nan,nan,nan,Bundesliga,nan,nan,nan,nan,nan,nan,nan,nan
19/6/2011,Rémy Riou,8435072,769,8/6/1987,23,0,0,6,0,4400,5500,5500,145,122,1053422,191,81,GK ,10,9,12,7,14,13,13,16,11,8,10,5,1,1,2,9,10,1,10,1,2,7,1,2,9,9,12,13,12,11,8,11,12,6,9,1,13,11,9,13,14,16,15,1,14,11,20,15,14,12,9,14,7,1,9,15,13,11,15,15,14,8,1,1,1,1,1,1,1,GK ,0,20,1,1,1,1,1,1,1,1,1,1,1,1,1,1,0,0,0,0,0,0,0,0,0,0,0,0,0,0,0,0,0,0,0,0,0,0,0,0,0,0,0,0,0,0,0,0,0,0,0,0,0,0,0,0,0,0,0,0,0,0,0,0,0,Rémy Riou,£630Th. ,33,191,Goalkeeper,right,SM Caen,3,2,2,270,1,2,0,90,39,31,18,3540,38,45,14,3420,35,39,10,3180,31,32,14,2790,23,35,5,2070,11,26,0,990,11,13,5,990,Ligue 1,28,34,6,2520,8,4,6,720
19/6/2011,Papa Coulibaly,34009802,41,3/2/1988,23,0,0,0,0,2800,5129,5100,140,114,230482,194,92,GK ,16,13,12,7,10,11,14,13,12,14,13,6,3,1,1,6,9,1,2,2,2,6,3,3,6,13,12,14,10,10,6,7,13,5,8,3,10,10,12,14,12,18,17,1,15,11,20,13,18,13,9,7,6,1,11,13,14,11,11,15,15,6,1,1,1,1,1,1,1,GK ,0,20,1,1,1,1,1,1,1,1,1,1,1,1,1,1,0,0,0,0,0,0,0,0,0,0,0,0,0,0,0,0,0,0,0,0,0,0,0,0,0,0,0,0,0,0,0,0,0,0,0,0,0,0,0,0,0,0,0,0,0,0,0,0,0,Pape Coulibaly,£270Th. ,32,192,Goalkeeper,right,Toulouse Rodéo Football Club,0,0,0,0,0,0,0,0,0,0,0,0,nan,nan,nan,nan,nan,nan,nan,nan,1,1,0,90,1,2,0,120,nan,nan,nan,nan,nan,nan,nan,nan,Ligue 1,nan,nan,nan,nan,nan,nan,nan,nan
19/6/2011,Maximilian Riedmüller,92002556,771,1/4/1988,23,0,0,0,0,1250,4000,4000,120,98,4727,186,84,GK ,14,11,14,11,7,14,11,16,4,7,13,8,3,2,1,7,10,2,3,1,3,2,3,2,7,5,11,14,11,6,2,14,9,3,2,3,14,1,4,7,9,11,12,9,14,10,20,3,6,6,6,10,10,10,6,13,12,5,14,5,11,6,1,1,1,1,1,1,1,GK ,0,20,1,1,1,1,1,1,1,1,1,1,1,1,1,1,0,0,0,0,0,0,0,0,0,0,0,0,0,0,0,0,0,0,0,0,0,0,0,0,0,0,0,0,0,0,0,0,0,0,0,0,0,0,0,0,0,0,0,0,0,0,0,0,0,Maximilian Riedmüller,£180Th. ,32,189,Goalkeeper,both,SV Heimstetten,19,21,6,1710,18,28,5,1620,2,3,0,180,18,17,5,1581,6,5,2,540,nan,nan,nan,nan,24,35,7,2115,31,41,10,2790,36,75,6,3240,Bundesliga,2,5,0,180,22,49,3,1980
19/6/2011,Marwin Hitz,69000798,798,9/18/1987,23,0,0,2,0,3900,5174,5750,140,115,449839,192,89,GK ,13,13,13,6,13,13,13,13,12,12,13,3,2,2,1,1,5,1,3,1,3,1,1,3,2,8,10,13,9,13,1,11,9,2,4,1,13,1,2,8,13,12,13,11,12,10,20,2,9,10,7,10,11,10,17,6,14,9,12,5,7,6,1,1,1,1,1,1,1,GK ,0,20,1,1,1,1,1,1,1,1,1,1,1,1,1,1,0,0,0,0,0,0,0,0,0,0,0,0,0,0,0,0,0,0,0,0,0,0,0,0,0,0,0,0,0,0,0,0,0,0,0,0,0,0,0,0,0,0,0,0,0,0,0,0,0,Marwin Hitz,£540Th. ,33,194,Goalkeeper,right,Borussia Dortmund,17,14,7,1336,2,3,0,171,1,0,1,90,21,23,7,1890,26,29,9,2340,44,64,14,3987,34,53,8,3060,33,44,9,2970,4,6,1,420,Bundesliga,8,5,5,650,5,6,3,450
19/6/2011,Mario,67009720,796,4/30/1988,23,0,0,0,0,3750,5750,5750,140,118,644873,184,74,GK ,13,12,13,7,11,6,14,15,10,13,10,7,3,1,1,7,10,8,3,3,2,7,3,2,7,7,12,12,11,12,10,12,11,9,7,10,12,13,13,13,16,13,13,5,14,13,20,13,12,9,5,11,10,10,14,13,11,11,14,14,14,8,1,1,1,1,1,1,1,GK ,0,20,1,1,1,1,1,1,1,1,1,1,1,1,1,1,0,0,0,0,0,0,0,0,0,0,0,0,0,0,0,0,0,0,0,0,0,0,0,0,0,0,0,0,0,0,0,0,0,0,0,0,0,0,0,0,0,0,0,0,0,0,0,0,0,Marinho,£1.17m ,37,166,Forward - Right Winger,left,Retired,30,2,1,1883,34,7,2,2162,41,4,5,2818,32,1,2,1461,17,4,1,990,21,3,0,899,44,4,5,3411,33,6,3,2079,23,1,2,629,Liga NOS,nan,nan,nan,nan,nan,nan,nan,nan
19/6/2011,Luiz Carlos,320554,1651,5/24/1988,23,0,0,0,0,603,4950,4750,105,95,141003,191,86,GK ,10,12,11,10,13,10,12,12,10,8,11,8,2,3,1,4,10,2,3,1,1,2,2,2,4,4,13,12,7,6,3,12,16,1,15,1,13,10,11,14,13,13,17,20,14,14,5,3,9,10,6,10,6,10,6,11,15,14,17,6,18,5,1,1,1,1,1,1,1,GK ,0,20,1,1,1,1,1,1,1,1,1,1,1,1,1,1,0,0,0,0,0,0,0,0,0,0,0,0,0,0,0,0,0,0,0,0,0,0,0,0,0,0,0,0,0,0,0,0,0,0,0,0,0,0,0,0,0,0,0,0,0,0,0,0,0,Luiz Carlos,£270Th. ,32,191,Goalkeeper,right,Without Club,0,0,0,0,4,7,1,360,nan,nan,nan,nan,nan,nan,nan,nan,0,0,0,0,0,0,0,0,nan,nan,nan,nan,nan,nan,nan,nan,nan,nan,nan,nan,Liga NOS,nan,nan,nan,nan,nan,nan,nan,nan
19/6/2011,Kévin Olimpa,8440946,769,3/10/1988,23,0,0,6,0,4050,5100,5100,135,114,128487,186,81,GK ,14,11,13,9,12,6,15,14,11,8,6,3,2,2,2,6,5,2,2,1,1,7,3,1,6,9,12,15,14,11,7,11,15,5,10,2,11,11,13,13,14,14,13,1,13,9,20,13,14,12,9,14,8,1,10,17,14,11,9,12,12,13,1,1,1,1,1,1,1,GK ,0,20,1,1,1,1,1,1,1,1,1,1,1,1,1,1,0,0,0,0,0,0,0,0,0,0,0,0,0,0,0,0,0,0,0,0,0,0,0,0,0,0,0,0,0,0,0,0,0,0,0,0,0,0,0,0,0,0,0,0,0,0,0,0,0,Kévin Olimpa,£810Th. ,32,186,Goalkeeper,right,Without Club,2,3,0,180,2,4,0,180,3,2,1,270,4,5,0,320,30,25,14,2700,6,11,1,540,nan,nan,nan,nan,nan,nan,nan,nan,7,5,4,630,Ligue 1,nan,nan,nan,nan,nan,nan,nan,nan
19/6/2011,Hugo Ventura,55004190,788,1/14/1988,23,0,0,14,0,1500,5000,5000,130,109,4339,185,79,GK ,13,12,13,5,13,11,12,13,13,10,13,2,1,1,2,1,4,1,1,1,2,3,1,2,3,9,10,11,10,13,1,11,14,2,10,2,14,2,9,9,12,14,11,8,12,14,20,2,6,10,6,8,17,10,12,11,15,13,14,14,15,5,1,1,1,1,1,1,1,GK ,0,20,1,1,1,1,1,1,1,1,1,1,1,1,1,1,0,0,0,0,0,0,0,0,0,0,0,0,0,0,0,0,0,0,0,0,0,0,0,0,0,0,0,0,0,0,0,0,0,0,0,0,0,0,0,0,0,0,0,0,0,0,0,0,0,Hugo Ventura,£630Th. ,32,188,Goalkeeper,right,Without Club,29,45,4,2610,0,0,0,0,4,6,0,360,3,4,1,270,22,25,7,2040,38,68,10,3420,15,20,3,1350,nan,nan,nan,nan,nan,nan,nan,nan,Liga NOS,nan,nan,nan,nan,nan,nan,nan,nan
19/6/2011,Felipe,67011244,796,1/10/1988,23,0,0,0,0,2750,5000,5000,130,100,27781,187,86,GK ,15,9,7,6,12,8,15,17,11,10,9,3,1,2,1,4,7,2,2,3,3,3,3,2,4,14,10,14,6,7,6,7,10,13,11,10,7,8,9,13,16,6,13,6,13,10,20,9,14,6,5,10,7,10,6,17,18,11,9,14,11,16,1,1,1,1,1,1,1,GK ,0,20,1,1,1,1,1,1,1,1,1,1,1,1,1,1,0,0,0,0,0,0,0,0,0,0,0,0,0,0,0,0,0,0,0,0,0,0,0,0,0,0,0,0,0,0,0,0,0,0,0,0,0,0,0,0,0,0,0,0,0,0,0,0,0,Felipe,£810Th. ,36,188,Defender - Centre-Back,left,Without Club,13,0,0,803,3,0,0,188,35,0,0,3071,25,0,0,1955,16,1,0,1197,27,1,1,2216,33,1,1,2902,30,1,0,2577,31,3,1,2453,Serie A,16,0,0,1086,nan,nan,nan,nan
19/6/2011,Fabricio,67008770,796,12/31/1987,23,0,0,0,0,4250,6400,6400,135,128,1581028,180,67,GK ,15,13,13,8,12,13,14,14,12,12,13,8,2,1,1,3,10,1,3,2,3,3,3,1,3,6,11,11,11,14,6,12,11,13,6,5,12,12,13,12,13,12,12,5,14,12,20,15,12,11,6,13,6,10,10,13,13,14,13,15,11,12,1,1,1,1,1,1,1,GK ,0,20,1,1,1,1,1,1,1,1,1,1,1,1,1,1,0,0,0,0,0,0,0,0,0,0,0,0,0,0,0,0,0,0,0,0,0,0,0,0,0,0,0,0,0,0,0,0,0,0,0,0,0,0,0,0,0,0,0,0,0,0,0,0,0,Fabri,£1.08m ,32,184,Goalkeeper,nan,Fulham FC,41,37,15,3690,17,24,3,1470,2,5,0,180,8,11,1,710,31,41,11,2790,0,0,0,0,44,48,14,3943,43,46,13,3870,2,5,0,180,LaLiga,4,6,2,360,0,0,0,0
19/6/2011,Fabiano,19030218,1651,2/29/1988,23,0,0,0,0,1750,5350,5350,130,107,189597,197,90,GK ,13,10,10,6,11,12,12,12,13,11,11,7,2,2,1,5,10,10,3,2,1,1,1,2,7,13,12,14,10,11,7,11,12,1,10,5,11,12,12,8,12,15,18,3,16,8,20,14,17,12,10,10,7,9,5,13,7,5,12,8,10,5,1,1,1,1,1,1,1,GK ,0,20,1,1,1,1,1,1,1,1,1,1,1,1,1,1,0,0,0,0,0,0,0,0,0,0,0,0,0,0,0,0,0,0,0,0,0,0,0,0,0,0,0,0,0,0,0,0,0,0,0,0,0,0,0,0,0,0,0,0,0,0,0,0,0,Fabiano,£1.17m ,32,197,Goalkeeper,right,Omonia Nicosia,nan,nan,nan,nan,34,40,11,3116,13,8,7,1096,28,22,15,2488,38,22,24,3342,17,16,7,1484,14,12,7,1169,1,0,1,10,9,6,5,864,Liga NOS,11,6,7,990,11,8,5,1080
19/6/2011,Benoît Costil,919964,769,7/3/1987,23,0,0,0,0,3900,5850,5850,150,130,1270460,187,83,GK ,13,13,13,10,14,10,14,14,13,12,8,6,1,2,2,7,10,1,1,3,3,8,3,2,7,8,13,13,14,13,11,12,15,7,10,3,15,12,12,13,12,15,13,1,16,12,20,14,15,15,8,15,7,1,10,16,14,14,14,14,11,6,1,1,1,1,1,1,1,GK ,0,20,1,1,1,1,1,1,1,1,1,1,1,1,1,1,0,0,0,0,0,0,0,0,0,0,0,0,0,0,0,0,0,0,0,0,0,0,0,0,0,0,0,0,0,0,0,0,0,0,0,0,0,0,0,0,0,0,0,0,0,0,0,0,0,Benoît Costil,£5.85m ,33,188,Goalkeeper,right,FC Girondins Bordeaux,41,39,16,3750,51,57,15,4620,42,62,9,3715,44,50,15,3990,44,51,16,3990,33,50,5,3000,41,48,13,3690,39,49,10,3540,51,55,14,4590,Ligue 1,29,36,6,2610,8,5,6,720
19/6/2011,Asmir Begovic,5123112,759,6/20/1987,23,4,0,0,0,5400,6650,6900,163,139,1998121,196,84,GK ,16,13,14,11,14,14,13,16,14,10,11,3,1,1,2,11,6,3,3,1,3,14,12,3,9,12,10,14,12,12,13,13,14,7,12,2,12,10,9,10,12,8,20,7,15,10,20,12,14,15,8,14,3,10,12,11,8,8,8,9,10,12,1,1,1,1,1,1,1,GK ,0,20,1,1,1,1,1,1,1,1,1,1,1,1,1,1,0,0,0,0,0,0,0,0,0,0,0,0,0,0,0,0,0,0,0,0,0,0,0,0,0,0,0,0,0,0,0,0,0,0,0,0,0,0,0,0,0,0,0,0,0,0,0,0,0,Asmir Begovic,£3.15m ,33,199,Goalkeeper,right,AFC Bournemouth,30,35,9,2730,31,37,11,2717,38,45,12,3420,33,37,9,2970,37,47,7,3330,25,29,8,2147,8,12,2,750,38,61,6,3420,24,47,5,2160,Premier League,19,19,7,1658,7,4,3,630
19/6/2011,Ádám Bogdán,38000461,773,9/27/1987,23,0,0,7,0,3400,5500,5500,150,112,523261,194,90,GK ,13,13,11,4,13,13,12,12,13,11,12,8,3,2,1,5,10,4,1,2,2,11,1,3,9,14,14,13,12,12,8,12,8,5,7,8,13,11,9,11,13,11,16,5,9,11,20,11,15,12,3,6,4,10,8,10,11,9,11,13,14,7,1,1,1,1,1,1,1,GK ,0,20,1,1,1,1,1,1,1,1,1,1,1,1,1,1,0,0,0,0,0,0,0,0,0,0,0,0,0,0,0,0,0,0,0,0,0,0,0,0,0,0,0,0,0,0,0,0,0,0,0,0,0,0,0,0,0,0,0,0,0,0,0,0,0,Ádám Bogdán,£1.80m ,33,194,Goalkeeper,right,Ferencvárosi TC,10,11,4,861,30,53,4,2700,41,57,6,3690,30,32,9,2700,15,20,3,1331,12,18,3,1140,17,19,6,1499,nan,nan,nan,nan,25,32,8,2255,Premier League,0,0,0,0,1,1,0,90
19/6/2011,Zeljko Brkic,5775744,802,7/9/1986,24,5,0,11,0,4750,6750,6350,147,126,462908,196,93,GK ,12,18,17,7,15,11,13,14,9,9,13,4,10,9,5,6,9,9,9,10,8,4,12,10,10,14,13,9,14,10,5,8,12,9,17,12,13,9,13,11,11,9,17,5,13,12,20,13,15,14,7,11,8,10,13,14,13,13,13,11,12,8,1,1,1,1,1,1,1,GK ,0,20,1,1,1,1,1,1,1,1,1,1,1,1,1,1,0,0,0,0,0,0,0,0,0,0,0,0,0,0,0,0,0,0,0,0,0,0,0,0,0,0,0,0,0,0,0,0,0,0,0,0,0,0,0,0,0,0,0,0,0,0,0,0,0,Zeljko Brkic,£2.07m ,34,198,Goalkeeper,right,FK Vojvodina Novi Sad,33,21,19,2970,21,23,6,1890,37,44,11,3233,13,23,1,1170,21,68,4,1890,7,15,2,632,11,13,4,931,nan,nan,nan,nan,nan,nan,nan,nan,Serie A,nan,nan,nan,nan,nan,nan,nan,nan
19/6/2011,Wayne Hennessey,5006568,801,1/24/1987,24,32,0,6,0,3750,6750,6700,155,130,1657284,196,73,GK ,15,12,12,4,15,16,12,14,13,12,12,3,2,3,2,7,6,2,2,3,2,2,1,2,6,12,13,12,9,12,7,12,12,1,8,6,11,10,9,10,13,10,18,17,13,8,20,11,15,11,8,13,7,10,10,12,15,14,14,11,15,6,1,1,1,1,1,1,1,GK ,0,20,1,1,1,1,1,1,1,1,1,1,1,1,1,1,0,0,0,0,0,0,0,0,0,0,0,0,0,0,0,0,0,0,0,0,0,0,0,0,0,0,0,0,0,0,0,0,0,0,0,0,0,0,0,0,0,0,0,0,0,0,0,0,0,Wayne Hennessey,£4.95m ,33,197,Goalkeeper,right,Crystal Palace,30,52,5,2746,34,73,3,3060,3,8,0,225,16,30,1,1470,7,7,3,605,38,47,11,3480,31,51,7,2790,29,47,7,2610,20,26,7,1755,Premier League,5,9,1,450,1,0,1,90
19/6/2011,Vicente Guaita,1510602,796,1/10/1987,24,0,0,0,0,4400,6750,6750,155,140,1709001,191,80,GK ,16,14,14,6,15,14,14,16,16,17,15,7,1,3,1,6,10,8,1,3,2,8,1,2,7,6,10,13,7,15,2,12,15,3,7,2,15,11,9,6,13,12,15,6,13,7,20,13,13,14,4,13,6,10,5,15,13,11,14,15,11,8,1,1,1,1,1,1,1,GK ,0,20,1,1,1,1,1,1,1,1,1,1,1,1,1,1,0,0,0,0,0,0,0,0,0,0,0,0,0,0,0,0,0,0,0,0,0,0,0,0,0,0,0,0,0,0,0,0,0,0,0,0,0,0,0,0,0,0,0,0,0,0,0,0,0,Vicente Guaita,£6.30m ,33,190,Goalkeeper,right,Crystal Palace,28,37,8,2401,30,25,16,2700,24,26,8,2160,23,35,5,2069,29,44,5,2610,38,67,8,3420,12,13,4,1080,34,28,12,3060,24,26,10,2115,LaLiga,35,42,10,3150,6,9,1,540
19/6/2011,Stéphane Ruffier,8428608,769,9/27/1986,24,1,0,4,0,5228,7269,6517,160,145,2034491,187,89,GK ,14,15,13,9,14,9,15,17,13,12,8,6,1,1,1,7,10,2,2,3,1,6,1,2,7,9,14,17,13,13,8,13,16,6,12,1,12,12,13,14,14,16,13,1,16,12,20,8,16,14,9,16,5,1,18,16,14,14,15,15,12,9,1,1,1,1,1,1,1,GK ,0,20,1,5,1,1,1,1,1,1,1,1,1,1,1,1,0,0,0,0,0,0,0,0,0,0,0,0,0,0,0,0,0,0,0,0,0,0,0,0,0,0,0,0,0,0,0,0,0,0,0,0,0,0,0,0,0,0,0,0,0,0,0,0,0,Stéphane Ruffier,£7.65m ,34,188,Goalkeeper,right,AS Saint-Étienne,38,37,15,3406,41,49,11,3720,46,39,21,4230,43,41,18,3900,53,44,24,4890,53,56,20,4860,41,46,15,3645,36,44,12,3233,40,47,14,3630,Ligue 1,30,49,6,2700,nan,nan,nan,nan
19/6/2011,Salvatore Sirigu,1401013,776,1/12/1987,24,2,0,4,0,5500,7250,7250,170,150,3759188,192,80,GK ,12,9,14,5,17,12,15,17,9,13,12,5,3,6,2,10,10,7,1,1,2,8,3,2,10,10,12,15,15,14,6,14,15,7,13,3,13,16,17,11,14,14,16,5,13,12,20,14,15,17,8,15,7,10,15,18,15,14,16,16,13,2,1,1,1,1,1,1,1,GK ,0,20,1,1,1,1,1,1,1,1,1,1,1,1,1,1,0,0,0,0,0,0,0,0,0,0,0,0,0,0,0,0,0,0,0,0,0,0,0,0,0,0,0,0,0,0,0,0,0,0,0,0,0,0,0,0,0,0,0,0,0,0,0,0,0,Salvatore Sirigu,£11.70m ,33,192,Goalkeeper,right,Torino FC,45,74,9,4080,41,42,13,3690,43,24,26,3827,49,34,22,4410,45,43,16,4023,12,6,7,1034,21,109,2,1889,38,46,10,3420,38,37,16,3351,Ligue 1,44,76,9,4020,4,11,0,360
19/6/2011,Patrick Nettekoven,35009341,771,1/21/1987,24,0,0,0,0,261,2550,2550,75,61,3351,185,77,GK ,10,10,11,4,8,7,6,9,10,11,8,5,1,1,3,3,8,1,1,3,2,1,3,3,4,6,9,11,10,9,4,11,10,3,6,3,10,9,9,9,10,9,14,1,9,10,20,11,12,9,7,10,10,10,6,10,11,5,18,15,10,10,1,1,1,1,1,1,1,GK ,0,20,1,1,1,1,1,1,1,1,1,1,1,1,1,1,0,0,0,0,0,0,0,0,0,0,0,0,0,0,0,0,0,0,0,0,0,0,0,0,0,0,0,0,0,0,0,0,0,0,0,0,0,0,0,0,0,0,0,0,0,0,0,0,0,,,,,,,,,,,,,,,,,,,,,,,,,,,,,,,,,,,,,,,,,,,,,,,,,,,,
19/6/2011,Marco Knaller,5607306,755,3/26/1987,24,0,0,5,0,1112,5781,5580,132,111,121825,192,85,GK ,11,11,11,10,12,10,13,15,11,12,9,5,1,2,2,10,7,10,3,1,1,10,3,2,10,10,12,14,10,11,5,10,12,5,8,1,13,10,12,11,13,14,16,5,11,10,20,11,12,10,10,10,5,10,12,12,10,12,13,11,10,10,1,1,1,1,1,1,1,GK ,0,20,1,1,1,1,1,1,1,1,1,1,1,1,1,1,0,0,0,0,0,0,0,0,0,0,0,0,0,0,0,0,0,0,0,0,0,0,0,0,0,0,0,0,0,0,0,0,0,0,0,0,0,0,0,0,0,0,0,0,0,0,0,0,0,Marco Knaller,£135Th. ,33,192,Goalkeeper,right,FC Wacker Innsbruck,27,31,5,2430,19,26,6,1647,4,4,1,360,2,1,1,180,5,9,0,450,35,50,11,3210,35,42,12,3180,3,11,0,270,11,21,1,990,Bundesliga,8,7,3,676,8,9,4,720
19/6/2011,Kiko Casilla,1508841,796,10/2/1986,24,0,0,1,0,3700,5500,5500,138,118,406428,192,83,GK ,11,9,11,6,12,15,12,14,10,5,9,3,1,2,1,6,7,2,3,3,2,3,1,1,5,10,13,12,11,11,7,11,8,2,9,2,13,1,5,9,13,13,16,11,13,10,20,10,14,12,5,12,5,10,7,3,6,7,14,12,5,8,1,1,1,1,1,1,1,GK ,0,20,1,1,1,1,1,1,1,1,1,1,1,1,1,1,0,0,0,0,0,0,0,0,0,0,0,0,0,0,0,0,0,0,0,0,0,0,0,0,0,0,0,0,0,0,0,0,0,0,0,0,0,0,0,0,0,0,0,0,0,0,0,0,0,Kiko Casilla,£900Th. ,34,190,Goalkeeper,right,Leeds United,35,49,10,3150,21,28,7,1770,23,30,9,2002,41,51,10,3683,37,48,13,3280,7,10,2,660,19,22,6,1756,17,18,7,1530,19,22,6,1710,LaLiga,38,33,16,3420,1,1,0,90
19/6/2011,Keylor Navas,8826969,366,12/15/1986,24,27,0,0,0,4500,6500,6150,142,129,153276,186,78,GK ,13,14,11,8,14,11,14,16,10,8,12,7,1,1,2,7,10,2,1,2,2,11,2,1,3,5,15,13,10,10,10,15,10,1,15,3,15,2,9,11,15,14,15,8,13,12,20,14,13,10,8,8,15,10,7,8,14,12,6,14,6,11,1,1,1,1,1,1,1,GK ,0,20,1,1,1,1,1,1,1,1,1,1,1,1,1,1,0,0,0,0,0,0,0,0,0,0,0,0,0,0,0,0,0,0,0,0,0,0,0,0,0,0,0,0,0,0,0,0,0,0,0,0,0,0,0,0,0,0,0,0,0,0,0,0,0,Keylor Navas,£720Th. ,33,185,Goalkeeper,right,Paris Saint-Germain,36,49,5,3240,6,9,2,495,25,22,10,2280,39,40,18,3430,11,8,5,990,45,31,22,4080,41,50,7,3750,44,49,11,3960,21,21,7,1920,LaLiga,35,26,19,3169,6,3,4,540
19/6/2011,Júlio César,2107808,1651,9/2/1986,24,0,0,0,0,2514,6500,6500,145,129,283831,192,85,GK ,13,13,13,4,13,13,12,16,15,10,13,1,1,3,1,9,3,2,3,3,3,2,2,1,5,9,7,14,13,13,1,13,17,1,9,3,12,9,14,13,11,12,15,12,9,12,20,9,9,15,9,13,10,10,15,13,14,11,14,14,12,11,1,1,1,1,1,1,1,GK ,0,20,1,1,1,1,1,1,1,1,1,1,1,1,1,1,0,0,0,0,0,0,0,0,0,0,0,0,0,0,0,0,0,0,0,0,0,0,0,0,0,0,0,0,0,0,0,0,0,0,0,0,0,0,0,0,0,0,0,0,0,0,0,0,0,Júlio César,£13.50m ,41,186,Goalkeeper,left,Retired,39,41,15,3371,40,51,12,3544,26,41,6,2278,8,13,2,720,30,17,17,2691,34,29,14,3090,15,16,6,1294,5,7,2,450,nan,nan,nan,nan,Serie A,nan,nan,nan,nan,nan,nan,nan,nan
19/6/2011,John Ruddy,5123017,765,10/24/1986,24,0,0,0,0,2900,6200,6200,135,124,1441394,194,97,GK ,14,15,15,11,14,13,12,16,15,11,11,7,2,2,1,5,9,2,2,1,1,6,3,3,9,6,10,14,10,9,4,10,16,3,2,6,11,12,6,7,13,12,16,12,12,9,20,13,15,11,4,8,5,10,1,15,8,12,12,12,13,5,1,1,1,1,1,1,1,GK ,0,20,1,1,1,1,1,1,1,1,1,1,1,1,1,1,0,0,0,0,0,0,0,0,0,0,0,0,0,0,0,0,0,0,0,0,0,0,0,0,0,0,0,0,0,0,0,0,0,0,0,0,0,0,0,0,0,0,0,0,0,0,0,0,0,John Ruddy,£4.05m ,34,192,Goalkeeper,left,Wolverhampton Wanderers,46,58,11,4140,36,57,3,3230,18,26,7,1612,38,62,12,3420,50,52,15,4500,28,47,3,2520,29,37,10,2595,46,37,24,4140,9,9,4,840,Premier League,6,4,3,540,2,2,0,180
19/6/2011,Johan Hartock,8437660,769,2/17/1987,24,0,0,0,0,1329,4499,2658,120,100,40146,189,83,GK ,14,11,12,9,11,6,13,13,11,9,8,5,3,1,3,6,8,1,1,2,1,6,3,3,6,8,12,13,11,11,6,9,12,5,8,1,9,10,8,13,14,15,14,1,13,11,20,12,15,11,8,14,10,1,10,12,14,13,12,15,15,6,1,1,1,1,1,1,1,GK ,0,20,1,1,1,1,1,1,1,1,1,1,1,1,1,1,0,0,0,0,0,0,0,0,0,0,0,0,0,0,0,0,0,0,0,0,0,0,0,0,0,0,0,0,0,0,0,0,0,0,0,0,0,0,0,0,0,0,0,0,0,0,0,0,0,Joan Hartock,£90Th. ,33,190,Goalkeeper,right,Without Club,nan,nan,nan,nan,1,2,0,90,5,10,0,467,1,5,0,90,7,5,3,720,37,41,13,3360,36,41,13,3240,32,55,4,2880,nan,nan,nan,nan,Ligue 1,nan,nan,nan,nan,nan,nan,nan,nan
19/6/2011,Joe Hart,5119142,765,4/19/1987,24,11,0,21,0,6267,8022,7900,172,155,18181818,191,81,GK ,16,15,15,14,15,14,17,19,15,18,14,3,1,3,1,10,8,7,2,2,2,8,13,3,7,10,10,13,9,13,3,13,16,4,8,2,12,12,11,10,16,12,16,10,13,7,20,15,12,14,4,13,7,10,7,14,12,18,12,7,15,5,1,1,1,1,1,1,1,GK ,0,20,1,1,1,1,1,1,1,1,1,1,1,1,1,1,65536,0,0,0,0,0,0,0,0,0,0,0,0,0,0,0,0,1,0,0,0,0,0,0,0,0,0,0,0,0,0,0,0,0,0,0,0,0,0,0,0,0,0,0,0,0,0,0,0,Joe Hart,£21.15m ,33,196,Goalkeeper,right,Tottenham Hotspur,55,42,29,4950,51,45,20,4590,45,46,18,4050,39,43,14,3540,44,45,15,3960,47,48,18,4181,38,64,6,3450,23,42,6,2100,21,41,6,1920,Premier League,3,7,0,270,3,3,1,270
19/6/2011,Hugo Lloris,8428653,769,12/26/1986,24,23,0,9,0,7750,7650,7650,185,170,9242923,188,78,GK ,16,15,12,7,17,12,14,18,16,12,12,8,1,1,1,8,10,1,10,1,2,8,3,8,8,10,14,17,15,15,11,14,15,6,12,3,15,14,12,14,16,15,14,20,15,13,8,15,13,17,10,15,6,1,14,15,15,18,17,18,18,4,1,1,1,1,1,1,1,GK ,0,20,1,1,1,1,1,1,1,1,1,1,1,1,1,1,0,0,0,0,0,0,0,0,0,0,0,0,0,0,0,0,0,0,0,0,0,0,0,0,0,0,0,0,0,0,0,0,0,0,0,0,0,0,0,0,0,0,0,0,0,0,0,0,0,Hugo Lloris,£17.10m ,33,188,Goalkeeper,left,Tottenham Hotspur,47,55,14,4260,53,64,12,4844,36,38,11,3330,45,58,18,4080,44,55,13,3871,47,46,15,4230,43,37,17,3815,43,43,16,3870,44,48,16,3949,Ligue 1,27,37,6,2348,7,10,0,630
19/6/2011,Elisson,2111964,1651,3/26/1987,24,0,0,0,0,884,4350,4350,130,109,61305,186,88,GK ,11,12,10,3,11,16,12,12,13,3,18,4,3,2,3,9,8,2,2,1,3,9,1,1,9,9,10,12,10,11,4,10,9,1,11,3,11,9,9,10,12,13,14,8,12,10,20,11,13,10,5,1,12,10,6,15,13,5,10,12,12,1,1,1,1,1,1,1,1,GK ,0,20,1,1,1,1,1,1,1,1,1,1,1,1,1,1,0,0,0,0,0,0,0,0,0,0,0,0,0,0,0,0,0,0,0,0,0,0,0,0,0,0,0,0,0,0,0,0,0,0,0,0,0,0,0,0,0,0,0,0,0,0,0,0,0,Elisson,£270Th. ,33,184,Goalkeeper,right,Without Club,1,1,0,90,10,16,4,900,0,0,0,0,1,1,0,90,0,0,0,0,0,0,0,0,6,3,3,475,nan,nan,nan,nan,3,3,1,224,Liga NOS,nan,nan,nan,nan,nan,nan,nan,nan
19/6/2011,Davide Petrachi,7990028,776,8/14/1986,24,0,0,0,0,2000,5000,5000,125,100,117958,184,83,GK ,8,8,8,5,13,8,10,14,7,13,10,4,2,3,3,6,6,3,2,1,2,3,2,2,6,8,9,11,13,12,1,13,13,2,7,3,13,10,13,12,14,14,13,10,5,12,20,8,9,10,10,11,13,10,11,13,16,14,15,14,14,4,1,1,1,1,1,1,1,GK ,0,20,1,1,1,1,1,1,1,1,1,1,1,1,1,1,0,0,0,0,0,0,0,0,0,0,0,0,0,0,0,0,0,0,0,0,0,0,0,0,0,0,0,0,0,0,0,0,0,0,0,0,0,0,0,0,0,0,0,0,0,0,0,0,0,Davide Petrachi,£90Th. ,34,185,Goalkeeper,right,Unknown,0,0,0,0,1,0,1,44,1,0,1,90,2,3,0,180,2,3,0,210,1,3,0,90,14,18,6,1260,nan,nan,nan,nan,nan,nan,nan,nan,Serie A,nan,nan,nan,nan,nan,nan,nan,nan
19/6/2011,Costel Pantilimon,7540617,790,2/1/1987,24,13,0,12,0,6000,6750,6250,150,127,353507,200,103,GK ,18,14,14,6,13,12,12,13,11,13,14,1,2,1,3,11,4,12,1,3,3,9,7,2,8,9,12,12,13,12,5,9,12,6,12,1,13,11,9,9,8,15,20,9,10,9,20,13,16,12,6,13,3,10,10,13,16,13,13,12,14,4,1,1,1,1,1,1,1,GK ,0,20,1,1,1,1,1,1,1,1,1,1,1,1,1,1,0,0,0,0,0,0,0,0,0,0,0,0,0,0,0,0,0,0,0,0,0,0,0,0,0,0,0,0,0,0,0,0,0,0,0,0,0,0,0,0,0,0,0,0,0,0,0,0,0,Costel Pantilimon,£3.15m ,33,203,Goalkeeper,right,Denizlispor,33,37,8,2936,4,5,2,360,7,7,4,660,18,15,9,1650,32,35,14,2880,21,71,8,1890,5,6,3,333,20,25,5,1800,44,51,15,3960,Premier League,6,3,4,540,4,2,2,360
19/6/2011,Antonio Adán,7458290,796,5/13/1987,24,0,0,1,0,4350,6250,6250,144,127,0,190,88,GK ,11,12,13,6,13,11,12,17,10,10,11,7,3,3,2,7,10,4,2,1,3,9,2,2,6,10,12,13,10,13,3,12,13,4,8,2,14,12,13,9,13,14,15,20,13,10,7,13,16,16,6,12,12,10,10,13,15,8,13,11,12,5,1,1,1,1,1,1,1,GK ,0,20,1,1,1,1,1,1,1,1,1,1,1,1,1,1,0,0,0,0,0,0,0,0,0,0,0,0,0,0,0,0,0,0,0,0,0,0,0,0,0,0,0,0,0,0,0,0,0,0,0,0,0,0,0,0,0,0,0,0,0,0,0,0,0,Antonio Adán,£900Th. ,33,190,Goalkeeper,left,Sporting CP,5,2,4,425,5,4,2,472,8,9,2,621,23,38,6,2094,40,35,18,3600,37,54,12,3302,37,62,10,3330,30,53,9,2700,5,6,2,450,LaLiga,2,2,1,144,6,7,3,540
19/6/2011,Andrés,67015052,796,12/17/1986,24,0,0,0,0,4250,6250,6250,145,127,528161,184,86,GK ,10,12,11,6,14,11,13,16,11,9,13,2,3,3,1,8,7,6,2,1,2,10,1,3,9,10,12,13,11,13,6,12,8,6,10,2,11,11,13,10,14,13,11,11,13,12,20,13,15,16,7,11,7,10,13,5,8,19,15,9,10,12,1,1,1,1,1,1,1,GK ,0,20,1,1,1,1,1,1,1,1,1,1,1,1,1,1,0,0,0,0,0,0,0,0,0,0,0,0,0,0,0,0,0,0,0,0,0,0,0,0,0,0,0,0,0,0,0,0,0,0,0,0,0,0,0,0,0,0,0,0,0,0,0,0,0,André Weis,£450Th. ,31,189,Goalkeeper,right,FC Viktoria Köln,15,17,4,1350,29,32,9,2610,26,26,11,2340,2,1,1,180,4,3,1,390,36,61,7,3270,8,12,3,733,6,12,0,540,5,11,1,450,Bundesliga,10,16,3,900,4,8,0,360
19/6/2011,Andrea Consigli,7990128,776,1/27/1987,24,0,0,24,0,4750,6500,6750,156,134,1349826,187,77,GK ,13,12,12,5,13,12,13,17,11,14,10,1,1,1,1,9,1,3,1,1,1,10,1,1,11,8,14,15,10,13,8,11,15,5,10,1,13,11,13,11,17,13,15,5,10,11,20,13,13,13,1,10,4,1,13,17,18,7,17,15,18,10,1,1,1,1,1,1,1,GK ,0,20,1,1,1,1,1,1,1,1,1,1,1,1,1,1,0,0,0,0,0,0,0,0,0,0,0,0,0,0,0,0,0,0,0,0,0,0,0,0,0,0,0,0,0,0,0,0,0,0,0,0,0,0,0,0,0,0,0,0,0,0,0,0,0,Andrea Consigli,£4.95m ,33,189,Goalkeeper,right,US Sassuolo,41,33,18,3690,36,40,13,3123,37,52,9,3311,36,48,9,3240,36,53,10,3217,38,38,12,3359,46,69,10,4140,38,58,11,3408,37,57,12,3304,Serie A,32,55,6,2880,5,9,0,450
19/6/2011,Alexander Stephan,8707687,771,9/15/1986,24,0,0,0,0,3032,5530,5027,130,110,244103,189,81,GK ,11,12,12,13,12,12,13,13,13,10,12,4,3,3,1,11,9,9,2,2,3,11,2,3,10,11,12,9,11,9,9,11,13,5,6,7,12,13,11,12,12,14,16,7,13,12,20,14,14,10,4,10,4,10,5,15,11,9,15,13,14,18,1,1,1,1,1,1,1,GK ,0,20,1,1,1,1,1,1,1,1,1,1,1,1,1,1,0,0,0,0,0,0,0,0,0,0,0,0,0,0,0,0,0,0,0,0,0,0,0,0,0,0,0,0,0,0,0,0,0,0,0,0,0,0,0,0,0,0,0,0,0,0,0,0,0,,,,,,,,,,,,,,,,,,,,,,,,,,,,,,,,,,,,,,,,,,,,,,,,,,,,
19/6/2011,Alexander Jäger,91105571,771,12/27/1986,24,0,0,0,0,778,3149,2500,90,70,3222,186,89,GK ,12,12,9,12,10,10,9,10,7,7,4,3,1,3,3,2,8,1,1,2,3,1,3,1,6,3,8,9,8,9,1,12,6,3,11,1,12,1,1,7,9,11,11,8,7,7,20,6,4,8,13,7,12,10,14,12,12,16,7,13,18,14,1,1,1,1,1,1,1,GK ,0,20,1,1,1,1,1,1,1,1,1,1,1,1,1,1,0,0,0,0,0,0,0,0,0,0,0,0,0,0,0,0,0,0,0,0,0,0,0,0,0,0,0,0,0,0,0,0,0,0,0,0,0,0,0,0,0,0,0,0,0,0,0,0,0,Alexander Bugera,£450Th. ,42,180,Defender - Left-Back,left,Retired,17,0,2,1341,25,1,0,2244,13,0,0,1033,25,0,6,1991,23,1,1,1993,nan,nan,nan,nan,nan,nan,nan,nan,nan,nan,nan,nan,nan,nan,nan,nan,Bundesliga,nan,nan,nan,nan,nan,nan,nan,nan
19/6/2011,Tomas Kosicky,7563766,794,3/11/1986,25,0,0,3,0,2000,5000,5250,121,105,107908,197,93,GK ,8,12,11,8,12,14,11,15,8,11,14,1,1,1,1,5,1,5,1,1,1,5,1,1,5,5,12,10,10,11,10,11,11,5,11,5,13,10,7,9,9,13,19,5,14,8,20,12,14,11,5,10,5,1,12,11,13,10,14,14,14,4,1,1,1,1,1,1,1,GK ,0,20,1,1,1,1,1,1,1,1,1,1,1,1,1,1,0,0,0,0,0,0,0,0,0,0,0,0,0,0,0,0,0,0,0,0,0,0,0,0,0,0,0,0,0,0,0,0,0,0,0,0,0,0,0,0,0,0,0,0,0,0,0,0,0,Tomas Kosicky,£180Th. ,34,197,Goalkeeper,right,Debreceni VSC,0,0,0,0,3,3,2,203,6,6,2,540,42,56,11,3810,28,32,10,2486,5,5,1,450,7,14,1,630,15,21,6,1350,13,14,4,1098,Serie A,20,27,7,1772,0,0,0,0
19/6/2011,Roberto,1510293,796,2/10/1986,25,0,0,6,0,4050,6550,6550,146,131,3504756,191,76,GK ,11,8,12,4,13,13,14,17,7,14,15,8,2,2,1,8,10,8,1,3,1,10,3,2,6,8,12,13,11,14,7,12,14,4,10,2,14,13,13,8,14,13,16,9,13,11,20,13,12,12,6,14,5,10,10,14,8,9,16,16,14,6,1,1,1,1,1,1,1,GK ,0,20,1,1,1,1,1,1,1,1,1,1,1,1,1,1,0,0,0,0,0,0,0,0,0,0,0,0,0,0,0,0,0,0,0,0,0,0,0,0,0,0,0,0,0,0,0,0,0,0,0,0,0,0,0,0,0,0,0,0,0,0,0,0,0,Roberto,£4.50m ,34,192,Goalkeeper,right,Real Valladolid CF,41,46,15,3666,40,64,10,3600,33,51,5,2970,40,27,25,3600,41,39,18,3690,36,32,16,3197,6,14,0,517,34,51,6,3060,6,9,1,570,LaLiga,19,40,3,1655,6,10,0,540
19/6/2011,Raúl Fernández,77000933,1656,10/6/1985,25,11,0,0,0,3500,6000,6000,155,128,523237,186,84,GK ,17,14,14,10,13,14,13,14,10,8,13,7,1,2,2,3,10,4,3,3,2,3,3,1,4,11,13,14,9,15,2,12,13,1,4,1,15,4,9,15,12,15,14,20,13,11,5,6,7,10,15,10,9,10,14,15,15,14,16,14,14,7,1,1,1,1,1,1,1,GK ,0,20,1,1,1,1,1,1,1,1,1,1,1,1,1,1,0,0,0,0,0,0,0,0,0,0,0,0,0,0,0,0,0,0,0,0,0,0,0,0,0,0,0,0,0,0,0,0,0,0,0,0,0,0,0,0,0,0,0,0,0,0,0,0,0,Raúl Fernández,£720Th. ,32,195,Goalkeeper,right,UD Las Palmas,1,1,0,90,2,4,1,180,9,10,4,810,12,10,6,1080,5,16,2,450,49,66,11,4366,34,23,17,3062,13,18,3,1170,32,31,13,2827,LaLiga,nan,nan,nan,nan,nan,nan,nan,nan
19/6/2011,Quentin Westberg,8428730,390,4/25/1986,25,0,0,21,0,2350,5300,4750,130,106,88461,183,78,GK ,9,9,11,6,12,14,12,14,11,14,11,8,2,1,3,7,10,1,2,1,1,6,1,2,7,7,12,12,12,12,6,11,17,6,12,3,12,12,12,12,10,14,11,5,14,9,20,13,13,13,9,10,8,1,14,13,13,8,6,14,12,9,1,1,1,1,1,1,1,GK ,0,20,1,1,1,1,1,1,1,1,1,1,1,1,1,1,0,0,0,0,0,0,0,0,0,0,0,0,0,0,0,0,0,0,0,0,0,0,0,0,0,0,0,0,0,0,0,0,0,0,0,0,0,0,0,0,0,0,0,0,0,0,0,0,0,Quentin Westberg,£180Th. ,34,183,Goalkeeper,right,Toronto FC,5,5,2,450,3,3,1,270,38,47,11,3420,33,27,16,2970,8,7,5,750,13,13,6,1200,9,18,1,810,6,11,0,540,46,58,11,4155,Ligue 1,18,25,6,1620,nan,nan,nan,nan
19/6/2011,Manuel Salz,8721529,771,8/6/1985,25,0,0,0,0,891,4500,4500,123,103,48719,185,78,GK ,10,9,5,6,12,10,8,13,12,8,14,8,3,3,1,11,10,13,1,3,3,14,1,3,13,10,10,14,10,11,8,11,10,8,10,11,12,12,11,12,14,11,13,12,8,12,20,11,13,9,6,10,15,10,1,13,9,8,8,12,11,6,1,1,1,1,1,1,1,GK ,0,20,1,1,1,1,1,1,1,1,1,1,1,1,1,1,0,0,0,0,0,0,0,0,0,0,0,0,0,0,0,0,0,0,0,0,0,0,0,0,0,0,0,0,0,0,0,0,0,0,0,0,0,0,0,0,0,0,0,0,0,0,0,0,0,Manuel Salz,£90Th. ,35,185,Goalkeeper,both,1.CfR Pforzheim,12,20,3,1080,7,10,1,630,nan,nan,nan,nan,28,34,8,2475,29,22,15,2610,32,36,11,2880,27,33,8,2430,30,45,11,2692,39,47,11,3540,Bundesliga,23,20,10,2064,6,9,1,540
19/6/2011,Manuel Neuer,8718372,771,3/27/1986,25,20,0,20,0,8350,9200,9200,186,174,36363636,192,90,GK ,17,18,9,9,11,19,17,16,19,8,20,6,2,2,3,12,10,9,2,1,2,12,1,1,11,10,19,15,13,12,10,10,15,6,11,3,18,16,12,14,15,16,18,14,12,10,20,12,17,14,9,17,8,10,6,10,17,18,13,10,14,8,1,1,1,1,1,1,1,GK ,0,20,1,1,1,1,1,1,1,1,1,1,1,1,1,1,0,0,0,0,0,0,0,0,0,0,0,0,0,0,0,0,0,0,0,0,0,0,0,0,0,0,0,0,0,0,0,0,0,0,0,0,0,0,0,0,0,0,0,0,0,0,0,0,0,Manuel Neuer,£27.00m ,34,193,Goalkeeper,right,Bayern Munich,53,63,18,4800,52,37,27,4770,50,33,26,4500,51,34,25,4605,50,36,28,4546,51,29,29,4641,40,25,20,3630,4,2,3,360,38,32,18,3383,Bundesliga,51,49,22,4590,8,11,3,750
19/6/2011,Jean-Louis Leca,8431708,769,9/21/1985,25,0,0,0,0,4100,5150,5150,125,115,110728,180,75,GK ,10,13,13,9,12,9,12,14,15,14,7,7,3,3,2,7,10,2,3,1,3,7,1,1,7,8,12,14,13,12,7,12,14,5,12,2,13,13,13,13,14,13,10,1,14,11,20,12,12,12,8,14,6,1,5,13,14,13,16,14,14,5,1,1,1,1,1,1,1,GK ,0,20,1,1,1,1,1,1,1,1,1,1,1,1,1,1,0,0,0,0,0,0,0,0,0,0,0,0,0,0,0,0,0,0,0,0,0,0,0,0,0,0,0,0,0,0,0,0,0,0,0,0,0,0,0,0,0,0,0,0,0,0,0,0,0,Jean-Louis Leca,£270Th. ,35,180,Goalkeeper,right,RC Lens,0,0,0,0,0,0,0,0,1,4,0,120,11,16,2,922,4,6,1,390,35,35,15,3080,35,44,9,3137,34,37,11,2973,40,29,21,3482,Ligue 1,27,23,14,2430,7,10,2,630
19/6/2011,Guy Roland Ndy Assembe,8439286,11,2/28/1986,25,4,0,0,0,5250,6500,5850,148,130,650403,184,79,GK ,12,11,13,7,13,10,14,16,11,11,10,6,1,1,3,7,10,2,3,3,3,7,3,3,7,7,15,14,12,12,8,12,14,6,12,2,13,12,9,13,16,14,12,1,15,11,20,13,14,15,7,15,5,1,7,15,14,14,15,17,17,6,5,1,1,1,1,1,5,GK ,0,20,1,1,1,1,1,5,1,1,1,1,1,1,1,1,0,0,0,0,0,0,0,0,0,0,0,0,0,0,0,0,0,0,0,0,0,0,0,0,0,0,0,0,0,0,0,0,0,0,0,0,0,0,0,0,0,0,0,0,0,0,0,0,0,Guy Ndy Assembé,£1.80m ,34,185,Goalkeeper,right,US Boulogne,38,38,13,3450,31,37,9,2790,18,26,2,1680,20,22,5,1800,11,12,4,1020,36,31,16,3240,25,34,8,2226,6,10,1,540,22,30,7,2010,Ligue 1,0,0,0,0,0,0,0,0
19/6/2011,Guillermo Ochoa,5666492,379,7/13/1985,25,45,0,0,0,5250,7500,6550,154,142,1196902,185,78,GK ,15,10,12,10,15,9,12,14,10,5,14,5,5,4,4,14,7,10,4,3,3,11,10,13,12,7,15,14,17,15,10,14,16,7,9,5,16,14,15,9,16,14,11,5,12,9,20,12,14,13,5,14,11,1,13,16,10,15,17,18,14,9,1,1,1,1,1,1,1,GK ,0,20,1,1,1,1,1,1,1,1,1,1,1,1,1,1,0,0,0,0,0,0,0,0,0,0,0,0,0,0,0,0,0,0,0,0,0,0,0,0,0,0,0,0,0,0,0,0,0,0,0,0,0,0,0,0,0,0,0,0,0,0,0,0,0,Guillermo Ochoa,£5.85m ,35,183,Goalkeeper,right,CF AmÃ©rica,45,56,14,4050,39,62,8,3537,39,52,12,3482,38,72,2,3420,6,6,2,540,13,13,3,1133,39,82,4,3510,38,48,9,3420,48,65,13,4320,Ligue 1,29,39,9,2640,11,15,2,990
19/6/2011,Gianluca Curci,7982788,776,7/12/1985,25,0,0,21,0,4500,6000,6000,130,120,188845,191,90,GK ,15,10,8,8,14,11,16,16,12,15,13,1,1,1,1,1,1,2,8,1,1,11,1,9,13,7,13,14,11,9,11,9,12,5,6,1,14,11,13,9,14,13,15,5,14,9,20,12,13,12,1,12,4,1,11,10,15,12,16,15,18,2,1,1,1,1,1,1,1,GK ,0,20,1,1,1,1,1,1,1,1,1,1,1,1,1,1,0,0,0,0,0,0,0,0,0,0,0,0,0,0,0,0,0,0,0,0,0,0,0,0,0,0,0,0,0,0,0,0,0,0,0,0,0,0,0,0,0,0,0,0,0,0,0,0,0,Gianluca Curci,£3.15m ,35,191,Goalkeeper,right,Without Club,41,51,13,3708,3,4,1,242,14,12,5,1164,38,57,10,3420,0,0,0,0,0,0,0,0,nan,nan,nan,nan,29,15,18,2505,12,16,3,1049,Serie A,nan,nan,nan,nan,nan,nan,nan,nan
19/6/2011,Geoffrey Jourdren,918869,769,2/4/1986,25,0,0,8,0,2131,6050,6050,148,135,769295,181,73,GK ,12,12,12,9,13,12,14,17,14,13,8,5,2,1,3,9,9,2,2,2,2,7,3,3,9,9,14,15,11,14,7,12,16,7,10,1,13,12,11,15,16,13,10,1,16,12,20,15,12,14,9,16,7,1,14,14,15,17,13,13,13,5,1,1,1,1,1,1,1,GK ,0,20,1,1,1,1,1,1,1,1,1,1,1,1,1,1,0,0,0,0,0,0,0,0,0,0,0,0,0,0,0,0,0,0,0,0,0,0,0,0,0,0,0,0,0,0,0,0,0,0,0,0,0,0,0,0,0,0,0,0,0,0,0,0,0,Geoffrey Jourdren,£4.50m ,34,183,Goalkeeper,right,Retired,39,43,16,3540,35,33,15,3180,39,57,9,3497,35,41,9,3119,29,28,12,2610,7,8,2,630,13,28,1,1170,23,32,5,2070,nan,nan,nan,nan,Ligue 1,nan,nan,nan,nan,nan,nan,nan,nan
19/6/2011,Emiliano Viviano,7989257,776,12/1/1985,25,6,0,11,0,5500,7550,7550,167,150,887662,195,88,GK ,17,16,13,10,15,14,15,17,15,8,14,1,1,1,1,12,1,10,13,1,1,11,1,1,10,8,14,15,13,14,8,11,15,8,12,14,12,11,14,7,14,10,15,12,14,13,20,7,7,14,2,16,3,1,15,13,15,9,18,16,12,8,1,1,1,1,1,1,1,GK ,0,20,1,1,1,1,1,1,1,1,1,1,1,1,1,1,0,0,0,0,0,0,0,0,0,0,0,0,0,0,0,0,0,0,0,0,0,0,0,0,0,0,0,0,0,0,0,0,0,0,0,0,0,0,0,0,0,0,0,0,0,0,0,0,0,Emiliano Viviano,£9.45m ,34,195,Goalkeeper,left,Fatih Karagümrük,38,52,12,3406,20,36,3,1755,32,34,12,2862,1,5,0,90,30,30,12,2632,40,62,8,3600,18,20,4,1620,27,43,6,2430,17,25,4,1525,Serie A,nan,nan,nan,nan,4,5,1,360
19/6/2011,Eduardo Gottardi,8833674,1651,10/18/1985,25,0,0,0,0,2500,4700,5500,127,114,160313,193,80,GK ,15,13,12,12,13,9,14,16,15,14,9,5,1,3,3,6,10,1,1,3,2,3,1,3,8,10,13,13,14,6,2,14,11,3,15,2,14,2,6,7,12,12,16,9,12,5,20,5,13,12,8,8,11,10,9,11,16,14,15,12,14,10,1,1,1,1,1,1,1,GK ,0,20,1,1,1,1,1,1,1,1,1,1,1,1,1,1,0,0,0,0,0,0,0,0,0,0,0,0,0,0,0,0,0,0,0,0,0,0,0,0,0,0,0,0,0,0,0,0,0,0,0,0,0,0,0,0,0,0,0,0,0,0,0,0,0,,,,,,,,,,,,,,,,,,,,,,,,,,,,,,,,,,,,,,,,,,,,,,,,,,,,
19/6/2011,Douglas,55011415,11,2/17/1986,25,0,0,0,0,1500,2500,2500,120,95,7878,190,85,GK ,14,12,9,6,13,13,10,14,15,7,13,6,3,2,1,5,8,2,2,2,2,1,2,1,7,8,7,11,10,6,2,13,16,1,5,1,13,1,10,13,9,12,14,20,14,12,5,5,13,10,10,10,6,10,16,15,16,14,15,16,17,5,1,1,1,1,1,1,1,GK ,0,20,1,1,1,1,1,1,1,1,1,1,1,1,1,1,0,0,0,0,0,0,0,0,0,0,0,0,0,0,0,0,0,0,0,0,0,0,0,0,0,0,0,0,0,0,0,0,0,0,0,0,0,0,0,0,0,0,0,0,0,0,0,0,0,Douglas,- ,34,186,Forward - Centre-Forward,right,Ji-Paraná Futebol Clube (RO),9,2,0,465,31,6,0,1930,8,0,0,121,3,0,0,179,25,3,3,1483,nan,nan,nan,nan,nan,nan,nan,nan,nan,nan,nan,nan,nan,nan,nan,nan,Liga NOS,nan,nan,nan,nan,nan,nan,nan,nan
19/6/2011,Diego Alves,2100185,1651,6/24/1985,25,0,0,3,0,6250,7000,7500,165,153,3398194,188,83,GK ,15,13,13,5,14,14,14,16,14,10,14,5,1,2,2,7,9,2,3,2,1,11,1,2,12,9,12,13,14,13,2,13,16,13,9,1,14,9,14,13,17,16,15,20,12,11,5,13,10,16,6,13,5,10,10,13,15,8,15,14,13,14,1,1,1,1,1,1,1,GK ,0,20,1,1,1,1,1,1,1,1,1,1,1,1,1,1,0,0,0,0,0,0,0,0,0,0,0,0,0,0,0,0,0,0,0,0,0,0,0,0,0,0,0,0,0,0,0,0,0,0,0,0,0,0,0,0,0,0,0,0,0,0,0,0,0,Diego Alves,£6.30m ,35,187,Goalkeeper,left,Clube de Regatas do Flamengo,33,56,2,2970,30,42,7,2700,28,41,8,2520,35,34,16,3001,37,29,13,3312,13,21,1,1170,57,81,16,5060,31,22,15,2790,44,40,17,3953,LaLiga,17,13,7,1527,nan,nan,nan,nan
19/6/2011,Damien Perquis,8439216,769,3/8/1986,25,0,0,0,0,1300,4724,2600,125,105,15166,184,82,GK ,13,11,11,7,15,8,13,13,10,9,7,4,2,1,3,7,7,1,3,1,2,6,1,2,7,12,13,12,13,13,6,13,13,4,12,3,9,3,8,9,9,14,12,1,14,8,20,8,14,15,12,15,7,1,14,12,10,12,14,14,14,6,1,1,1,1,1,1,1,GK ,0,20,1,1,1,1,1,1,1,1,1,1,1,1,1,1,0,0,0,0,0,0,0,0,0,0,0,0,0,0,0,0,0,0,0,0,0,0,0,0,0,0,0,0,0,0,0,0,0,0,0,0,0,0,0,0,0,0,0,0,0,0,0,0,0,Damien Perquis,£2.70m ,36,184,Defender - Centre-Back,right,Retired,38,5,0,3271,22,0,1,1881,13,0,0,861,22,0,0,1589,38,3,1,3183,12,1,1,986,19,2,0,1562,23,0,1,1894,22,0,0,1649,Ligue 1,nan,nan,nan,nan,nan,nan,nan,nan
19/6/2011,Cristian Alvarez,955103,1649,11/13/1985,25,0,0,0,0,3500,6000,6200,140,128,411284,187,88,GK ,13,12,12,11,14,10,13,15,12,7,11,3,1,1,2,10,7,1,3,2,3,1,2,2,6,14,8,15,9,12,9,9,15,7,9,11,12,15,17,15,15,11,14,7,15,13,20,11,11,12,7,8,9,10,14,11,12,15,13,12,10,13,1,1,1,1,1,1,1,GK ,0,20,1,1,1,1,1,1,1,1,1,1,1,1,1,1,0,0,0,0,0,0,0,0,0,0,0,0,0,0,0,0,0,0,0,0,0,0,0,0,0,0,0,0,0,0,0,0,0,0,0,0,0,0,0,0,0,0,0,0,0,0,0,0,0,Cristian Álvarez,£2.25m ,34,186,Goalkeeper,right,Real Zaragoza,8,8,2,720,24,36,7,2097,20,29,5,1697,10,10,5,900,18,37,4,1529,nan,nan,nan,nan,nan,nan,nan,nan,40,42,13,3579,38,49,9,3375,LaLiga,35,41,12,3096,5,5,2,450
19/6/2011,Carl Ikeme,5113496,38,6/8/1986,25,0,0,0,0,2500,5000,5000,130,110,175250,188,87,GK ,13,12,12,5,12,11,13,13,11,3,9,5,2,1,1,10,8,3,2,10,2,3,3,2,8,10,10,12,7,10,2,11,10,1,5,1,12,10,8,8,14,12,15,14,10,7,20,12,15,10,2,6,15,10,8,10,12,10,10,10,8,5,1,1,1,1,1,1,1,GK ,0,20,1,1,1,1,1,1,1,1,1,1,1,1,1,1,0,0,0,0,0,0,0,0,0,0,0,0,0,0,0,0,0,0,0,0,0,0,0,0,0,0,0,0,0,0,0,0,0,0,0,0,0,0,0,0,0,0,0,0,0,0,0,0,0,Carl Ikeme,£450Th. ,34,188,Goalkeeper,right,Retired,6,10,0,540,26,63,16,2289,41,56,9,3651,45,33,23,4110,35,47,13,3180,36,45,10,3183,33,36,10,2900,nan,nan,nan,nan,nan,nan,nan,nan,Premier League,nan,nan,nan,nan,nan,nan,nan,nan
